campaign_id,campaign_name,channel,start_date,end_date,target_audience,region,spend_inr,impressions,clicks,conversions,revenue_inr
1179,Ayurvedic Range Launch,Email,2024-01-29,2024-02-19,Male 35-44,West,1459.32,47777,817,52,57731.18
1665,Ayurvedic Range Launch,Google Ads,2024-11-14,2024-11-27,Male 45+,West,40790.41,1371537,33827,1556,1305729.84
1798,Herbal Range Awareness,Email,2024-10-30,2024-11-08,Female 25-34,North,4460.42,177985,4765,161,110861.2
1396,Clearance Sale Push,Email,2024-09-05,2024-10-02,Female 35-44,West,1905.7,62150,1920,35,23041.61
1160,Ayurvedic Range Launch,Email,2024-01-12,2024-01-19,Female 25-34,Central,7317.47,190881,1691,124,192518.24
1429,Baby Care Trust Campaign,YouTube,2024-04-06,2024-04-26,Female 45+,South,39663.1,1548782,37434,1172,701517.37
1077,Festive Gift Bundle,Facebook,2024-09-21,2024-09-29,Female 25-34,West,9690.51,184195,3403,156,242582.77
1595,Anti-Ageing Serum Push,Email,2024-07-14,2024-07-19,Male 18-24,Central,6092.9,236321,6588,395,397287.84
1784,Monsoon Skincare Push,Email,2024-03-11,2024-03-18,Male 25-34,Central,5243.17,112725,2739,161,78789.26
1326,Hair Care Revamp,Google Ads,2024-09-20,2024-10-16,Female 18-24,North,72158.45,1282556,20479,1092,961045.35
1457,Influencer Collab - Skincare,Google Ads,2024-02-16,2024-03-17,Male 45+,West,33296.08,685737,15277,1140,505894.6
1084,Monsoon Skincare Push,Instagram,2024-02-10,2024-02-25,Female 25-34,South,23373.28,611162,16214,351,348777.17
1404,Influencer Collab - Skincare,Instagram,2024-11-21,2024-12-12,Female 25-34,East,48709.84,904014,19177,417,294186.89
1345,Wedding Season Special,Instagram,2024-04-02,2024-04-18,Female 25-34,East,30052.78,837158,14422,912,734804.23
1741,Herbal Range Awareness,Google Ads,2024-01-22,2024-02-06,Female 35-44,West,74280.91,2939136,27485,932,1181227.33
1625,Anti-Ageing Serum Push,Google Ads,2024-02-29,2024-03-30,Female 45+,East,49962.66,1992159,46750,2231,3348505.73
1819,Festive Gift Bundle,Instagram,2024-05-03,2024-05-25,Female 25-34,South,12345.53,347241,2710,76,87089.6
1794,Monsoon Skincare Push,Facebook,2024-03-20,2024-03-28,Female 25-34,Central,47957.76,798475,22445,1416,1050068.93
1240,Festive Gift Bundle,Email,2024-03-09,2024-04-03,Male 45+,West,4737.88,108465,2125,58,92500.02
1612,Back To College Offer,Facebook,2024-06-26,2024-07-21,Female 45+,Central,41035.94,828358,21528,974,1512908.01
1226,Anti-Ageing Serum Push,Facebook,2024-11-06,2024-11-14,Female 35-44,Central,26938.24,818079,5048,327,353103.54
1272,Wedding Season Special,Facebook,2024-01-16,2024-02-14,Female 35-44,Central,44725.8,1133843,19658,806,1373395.27
1205,Wedding Season Special,YouTube,2024-01-28,2024-02-23,Female 35-44,Unspecified,29992.68,1012391,9949,299,213280.72
1806,Anti-Ageing Serum Push,Instagram,2024-07-07,2024-07-22,Female 25-34,South,27693.68,774637,10265,579,922779.24
1241,Sunscreen Season Campaign,Facebook,2024-06-25,2024-06-30,Male 25-34,East,11334.45,415795,14092,337,399360.83
1278,Monsoon Skincare Push,Facebook,2024-09-18,2024-10-12,Female 45+,East,22661.86,555559,15582,1150,1345457.21
1250,Men'S Grooming Drive,Facebook,2024-07-14,2024-07-19,Male 25-34,West,48882.33,1606618,26579,2079,1472732.78
1547,Baby Care Trust Campaign,Facebook,2024-11-22,2024-12-09,Male 18-24,North,23561,885989,28166,2095,2546904.59
1339,Herbal Range Awareness,Instagram,2024-08-02,2024-08-27,Male 35-44,East,10533.17,234801,5674,87,54899.74
1717,Ayurvedic Range Launch,YouTube,2024-09-09,2024-09-25,Female 25-34,East,19530.3,661906,11849,677,1119099.65
1238,Summer Glow Launch,Email,2024-06-10,2024-07-07,Male 45+,South,1082.74,21945,492,16,19816.45
1645,Sunscreen Season Campaign,Instagram,2024-02-03,2024-03-03,Female 35-44,Central,42994.76,746569,23039,782,1052642.73
1169,Men'S Grooming Drive,Instagram,2024-03-26,2024-04-13,Female 45+,North,53852.07,1280644,20823,1416,2115020.42
1653,Baby Care Trust Campaign,Instagram,2024-10-20,2024-11-08,Female 25-34,North,41809.05,826656,5945,344,528296.58
1233,Hair Care Revamp,YouTube,2024-06-26,2024-07-09,Male 35-44,North,60477.26,1201267,39511,1985,1446282.68
1525,Ayurvedic Range Launch,Instagram,2024-09-04,2024-09-28,Male 35-44,North,36417.1,690457,18815,1408,956998.6
1231,Sunscreen Season Campaign,Instagram,2024-11-07,2024-11-13,Female 25-34,North,27984.95,1108517,25960,1206,1666485.12
1047,Herbal Range Awareness,Email,2024-09-10,2024-09-16,Female 35-44,West,4516.04,134372,4177,297,293567.87
1497,Baby Care Trust Campaign,Instagram,2024-04-03,2024-05-02,Female 35-44,South,26335.66,720416,14003,1093,1336222.58
1082,Clearance Sale Push,Facebook,2024-01-19,2024-02-02,Male 45+,South,7927.48,158444,991,74,81200.66
1536,Back To College Offer,Google Ads,2024-09-15,2024-09-23,Female 35-44,East,25314.94,609864,20889,1477,1616610.27
1365,Back To College Offer,YouTube,2024-05-13,2024-05-23,Female 35-44,East,59476.53,1379231,18556,295,260490.71
1675,Back To College Offer,YouTube,2024-07-23,2024-08-22,Female 18-24,East,70828.98,1827028,58907,1479,905251.01
1702,Wedding Season Special,Email,2024-07-07,2024-08-04,Female 35-44,South,4022.16,90484,567,21,34140.06
1033,Clearance Sale Push,Email,2024-08-11,2024-09-08,Male 45+,Central,2878.77,104478,3126,50,81418.26
1668,Hair Care Revamp,YouTube,2024-03-25,2024-04-19,Female 25-34,Central,79420.56,1640545,54005,3247,3682719.06
1032,Influencer Collab - Skincare,Google Ads,2024-02-05,2024-02-26,Male 35-44,North,33886.18,1228014,36435,633,1103408.87
1285,Men'S Grooming Drive,Instagram,2024-07-21,2024-08-18,Male 35-44,North,40031.65,629615,6465,214,179761.81
1609,Men'S Grooming Drive,Email,2024-06-08,2024-06-21,Female 18-24,West,3454.79,81313,1792,105,122952.32
1550,Anti-Ageing Serum Push,Email,2024-01-29,2024-02-11,Female 25-34,Central,1749.34,52232,1549,76,102703.34
1768,New Year Wellness,Google Ads,2024-10-20,2024-11-14,Female 18-24,North,22316.07,640436,21301,1547,1071383.47
1035,Sunscreen Season Campaign,Email,2024-10-24,2024-11-09,Male 25-34,South,4874.31,115004,4013,194,166864.3
1096,Monsoon Skincare Push,YouTube,2024-03-14,2024-03-25,Male 35-44,East,53184.19,1462668,9301,182,151589.44
1597,Influencer Collab - Skincare,Facebook,2024-01-03,2024-01-16,Female 45+,Unspecified,15205.86,441885,8688,390,679083.27
1523,Clearance Sale Push,YouTube,2024-11-17,2024-11-22,Female 35-44,East,88859.84,3258799,27139,2032,1072677.09
1054,Influencer Collab - Skincare,Google Ads,2024-10-12,2024-10-28,Female 45+,South,65347.74,1002954,21159,885,1173157.02
1168,Ayurvedic Range Launch,YouTube,2024-06-26,2024-07-11,Male 18-24,South,50405.87,2450674,72662,4134,5818458.75
1651,Hair Care Revamp,Google Ads,2024-07-03,2024-08-01,Male 35-44,South,62309.12,1269256,18579,481,420969.04
1398,Festive Gift Bundle,Google Ads,2024-08-01,2024-08-21,Female 18-24,North,31679.13,833457,12614,459,716024.85
1144,Wedding Season Special,Instagram,2024-11-28,2024-12-12,Female 35-44,North,53470.02,1973839,15396,542,254474.3
1502,Clearance Sale Push,Email,2024-03-21,2024-04-03,Female 45+,Central,4650.51,183454,1605,39,48656.92
1541,Men'S Grooming Drive,Instagram,2024-10-25,2024-10-30,Male 45+,North,53407.36,1432075,9101,102,136278.84
1730,Hair Care Revamp,Email,2024-04-26,2024-05-08,Male 25-34,West,5513.31,159566,1049,72,48744.27
1236,New Year Wellness,Google Ads,2024-05-03,2024-05-16,Male 18-24,South,26044.53,934308,28113,981,1451351.04
1788,Back To College Offer,Google Ads,2024-06-20,2024-06-29,Male 45+,South,71895.34,1509844,34904,2687,4475453.76
1148,New Year Wellness,Instagram,2024-09-10,2024-09-27,Male 18-24,West,20536.25,635639,4532,327,120171.57
1239,Herbal Range Awareness,Email,2024-07-05,2024-07-22,Male 35-44,South,4155.1,121683,4183,242,370399.5
1328,Ayurvedic Range Launch,Email,2024-04-06,2024-04-25,Female 25-34,West,1561.19,58464,798,61,31023.33
1781,Wedding Season Special,Instagram,2024-06-19,2024-07-05,Female 18-24,West,24016.39,652357,22789,1708,1579387.22
1133,Back To College Offer,Instagram,2024-09-23,2024-10-13,Male 18-24,East,32760.45,850269,22024,711,558407.26
1749,Anti-Ageing Serum Push,Facebook,2024-04-24,2024-05-09,Female 35-44,Unspecified,31677.07,865853,22871,1522,2624931.99
1256,Ayurvedic Range Launch,Google Ads,2024-04-01,2024-04-07,Female 35-44,North,17493.86,346210,2061,113,103221.92
1142,Ayurvedic Range Launch,Email,2024-08-20,2024-09-09,Male 35-44,West,5073.69,186319,5666,93,163644.47
1414,Anti-Ageing Serum Push,Instagram,2024-01-29,2024-02-12,Male 45+,North,40561.63,675138,17099,840,653208.63
1756,Men'S Grooming Drive,Email,2024-10-28,2024-11-24,Female 45+,East,7464.18,224896,5584,280,288547.21
1370,Wedding Season Special,Google Ads,2024-08-27,2024-09-05,Male 35-44,East,32212.22,910336,8424,153,63347.38
1565,New Year Wellness,Email,2024-01-08,2024-02-05,Female 18-24,South,6688.35,113135,995,22,9094.65
1507,Influencer Collab - Skincare,Google Ads,2024-05-02,2024-05-13,Female 45+,Unspecified,52481.39,2044170,44986,3581,1376716.55
1262,Clearance Sale Push,Facebook,2024-10-31,2024-11-25,Female 25-34,West,7644.35,269146,4426,285,480713.4
1603,Wedding Season Special,Facebook,2024-02-09,2024-02-15,Male 35-44,South,28515.03,741169,18488,608,653930.69
1374,Festive Gift Bundle,Instagram,2024-10-31,2024-11-26,Male 25-34,West,25130.2,404500,9574,399,687778.91
1373,Baby Care Trust Campaign,YouTube,2024-08-01,2024-08-08,Female 35-44,Central,72619.01,2318195,73303,866,1158623.91
1476,Festive Gift Bundle,YouTube,2024-09-10,2024-09-27,Female 45+,Central,42996.28,766659,24856,683,772967.12
1372,Men'S Grooming Drive,Instagram,2024-10-14,2024-11-03,Male 35-44,Unspecified,33635.4,1215783,37697,703,341438.61
1274,Sunscreen Season Campaign,Email,2024-05-18,2024-06-05,Female 18-24,North,6196.57,246041,6823,99,167735.67
1490,Men'S Grooming Drive,Google Ads,2024-11-30,2024-12-13,Female 45+,Central,54401.39,1565233,46182,1175,869206.93
1119,Summer Glow Launch,Instagram,2024-02-04,2024-03-02,Male 18-24,North,8475.36,234287,3794,202,265992.46
1416,Festive Gift Bundle,Facebook,2024-04-05,2024-04-17,Male 45+,West,41069.13,678144,9731,394,686200.23
1792,Hair Care Revamp,Instagram,2024-11-03,2024-11-29,Male 25-34,West,33825.05,997988,20980,1020,1510139.03
1441,Influencer Collab - Skincare,Instagram,2024-03-11,2024-03-27,Female 18-24,West,23423.97,440177,4899,61,103025.54
1244,Festive Gift Bundle,Instagram,2024-09-25,2024-10-24,Female 45+,West,13404.28,408194,3073,231,211428.99
1698,New Year Wellness,Instagram,2024-09-14,2024-10-13,Female 18-24,South,47964.56,1588718,10029,110,62857.33
1304,Baby Care Trust Campaign,Instagram,2024-08-13,2024-09-10,Male 18-24,West,16698.73,491676,14875,205,150341.56
1456,Back To College Offer,Instagram,2024-09-03,2024-09-29,Female 25-34,West,20526.88,416511,11494,645,309391.11
1469,Anti-Ageing Serum Push,Facebook,2024-05-10,2024-06-05,Female 25-34,West,47368.77,880163,9781,528,391052.4
1740,Clearance Sale Push,Google Ads,2024-07-09,2024-07-28,Female 45+,East,63711.93,1190828,29984,2166,2880304.59
1735,Influencer Collab - Skincare,Email,2024-02-09,2024-03-04,Male 18-24,Central,7190.89,261151,6157,430,740821.77
1263,Clearance Sale Push,Instagram,2024-06-12,2024-07-04,Female 18-24,North,15778.16,434846,5054,68,95933.65
1086,Anti-Ageing Serum Push,Google Ads,2024-08-15,2024-09-13,Male 35-44,South,50174.52,1416752,24001,1331,947588.01
1582,Wedding Season Special,Instagram,2024-09-17,2024-10-15,Female 35-44,West,22523.58,773125,9252,411,172627.2
1254,Hair Care Revamp,Email,2024-06-14,2024-07-12,Male 35-44,South,2927.27,104748,3397,165,74228.72
1504,Hair Care Revamp,Google Ads,2024-11-22,2024-11-28,Male 18-24,North,28841.76,1136843,24946,1233,1844355.02
1393,Summer Glow Launch,Facebook,2024-08-04,2024-08-25,Male 25-34,East,38207.39,1376978,17615,801,424152.63
1078,Anti-Ageing Serum Push,Google Ads,2024-04-24,2024-04-29,Male 35-44,South,75157.81,2704133,66248,4332,2380518.05
1674,Hair Care Revamp,Instagram,2024-01-22,2024-02-15,Female 45+,Central,38697.84,1348232,45330,2279,1185846.6
1116,New Year Wellness,Facebook,2024-09-02,2024-09-14,Female 25-34,North,32593.67,655550,21275,1034,1524627.96
1731,Hair Care Revamp,Facebook,2024-09-09,2024-09-14,Male 25-34,West,37448.66,950202,6688,160,64353.3
1121,Influencer Collab - Skincare,Google Ads,2024-06-02,2024-06-28,Male 18-24,West,55761.5,2032812,56486,934,840537.27
1695,Baby Care Trust Campaign,Facebook,2024-04-14,2024-05-09,Male 25-34,West,46204.39,1165740,6186,418,374879.56
1432,Influencer Collab - Skincare,Email,2024-02-16,2024-03-01,Female 18-24,Central,7166.96,189262,4922,294,229702.39
1790,Influencer Collab - Skincare,Facebook,2024-01-23,2024-02-06,Male 45+,West,6788.26,201835,6852,98,152179.45
1187,Anti-Ageing Serum Push,YouTube,2024-03-14,2024-03-29,Male 45+,South,28526.76,485533,7272,574,461754.53
1598,Wedding Season Special,YouTube,2024-09-23,2024-10-21,Female 35-44,West,27464.77,712436,24335,309,298204.85
1765,Baby Care Trust Campaign,Facebook,2024-06-29,2024-07-16,Male 35-44,South,16945.69,377329,4500,234,796455.55
1130,Influencer Collab - Skincare,Facebook,2024-05-03,2024-05-16,Male 25-34,West,12782.3,326948,5332,220,267740.9
1392,Wedding Season Special,Email,2024-07-18,2024-08-15,Male 35-44,South,6180.37,112174,3898,116,56212.25
1217,Herbal Range Awareness,Instagram,2024-06-10,2024-06-28,Male 35-44,East,8251.26,174550,2032,125,122797.49
1815,Clearance Sale Push,Facebook,2024-04-29,2024-05-27,Female 35-44,North,38227.37,760587,8573,165,168009.59
1045,Clearance Sale Push,Google Ads,2024-07-15,2024-07-26,Female 35-44,West,45576.86,1685576,52119,1529,2286633.21
1026,Back To College Offer,Email,2024-08-18,2024-08-31,Male 45+,Central,6879.04,150876,4274,187,130321.52
1464,Summer Glow Launch,Email,2024-02-15,2024-03-15,Female 45+,East,7054.27,220500,2923,162,142984.19
1437,Clearance Sale Push,Instagram,2024-05-07,2024-05-23,Male 18-24,North,18399.26,283366,1654,18,27715.74
1092,Ayurvedic Range Launch,YouTube,2024-03-21,2024-04-09,Female 18-24,West,51318.83,1031538,23931,762,1060419.15
1181,Back To College Offer,Google Ads,2024-03-24,2024-04-16,Female 18-24,Unspecified,69997.78,2182845,55293,1594,1193969.55
1758,Wedding Season Special,Facebook,2024-10-04,2024-10-26,Male 35-44,East,14996.44,398414,8208,149,208298.53
1549,Sunscreen Season Campaign,YouTube,2024-08-03,2024-08-10,Female 18-24,Unspecified,61140.64,1379317,16937,776,414809.67
1649,Sunscreen Season Campaign,YouTube,2024-10-30,2024-11-19,Male 45+,South,73592.1,1821520,61552,3659,2606221.11
1338,Monsoon Skincare Push,Facebook,2024-10-16,2024-11-03,Male 45+,North,33631.83,904730,23366,429,468966.72
1023,Baby Care Trust Campaign,Facebook,2024-10-23,2024-11-16,Female 45+,North,20178.97,525554,13280,607,911056.21
1408,Summer Glow Launch,Instagram,2024-11-03,2024-11-19,Female 45+,West,17213.71,588694,15253,161,164365.57
1433,Wedding Season Special,Facebook,2024-07-20,2024-08-16,Female 25-34,West,16546.59,608310,8037,433,334812.88
1206,Herbal Range Awareness,YouTube,2024-05-01,2024-05-22,Female 45+,Central,36572.9,1156154,37915,1407,2444265.52
1178,Clearance Sale Push,Facebook,2024-06-08,2024-06-21,Male 25-34,East,43762.33,1405702,48039,1246,978978.02
1202,Sunscreen Season Campaign,Instagram,2024-10-10,2024-10-28,Female 18-24,Unspecified,33112.46,917490,29942,670,796565.59
1699,Wedding Season Special,Email,2024-04-04,2024-04-29,Male 18-24,South,3351.22,110689,637,26,40897.02
1140,Influencer Collab - Skincare,Facebook,2024-04-15,2024-04-26,Female 35-44,Central,31083.27,879874,20154,439,776832.55
1135,New Year Wellness,Instagram,2024-07-06,2024-07-21,Female 35-44,North,31792.62,685411,21164,993,1267770.5
1102,Festive Gift Bundle,YouTube,2024-11-22,2024-12-04,Male 18-24,South,22514.85,523635,10039,579,318060.45
1707,Men'S Grooming Drive,Facebook,2024-08-31,2024-09-15,Male 45+,East,13709.59,309576,8999,190,309094.65
1686,Herbal Range Awareness,Email,2024-08-30,2024-09-08,Female 45+,Central,2280.93,51959,536,21,15023.83
1724,Baby Care Trust Campaign,Facebook,2024-11-15,2024-11-30,Female 35-44,Central,29286.36,778057,24907,1900,2670162.91
1158,Herbal Range Awareness,Email,2024-03-02,2024-03-09,Male 25-34,South,6653.18,150397,3931,205,135664.93
1360,Men'S Grooming Drive,YouTube,2024-06-17,2024-07-10,Male 35-44,Central,44246.3,1491514,18014,713,398711.72
1512,Baby Care Trust Campaign,Facebook,2024-08-08,2024-08-28,Male 35-44,West,8379.41,307528,10326,597,442544.02
1397,Baby Care Trust Campaign,Google Ads,2024-03-01,2024-03-17,Female 35-44,East,79371.41,1792325,35089,2294,1275699.64
1600,Festive Gift Bundle,Google Ads,2024-08-28,2024-09-04,Female 35-44,North,31828.84,626769,16184,771,639930.72
1785,Clearance Sale Push,Google Ads,2024-08-02,2024-09-01,Female 45+,Central,65598.03,2373210,59300,1466,1493657.27
1521,Anti-Ageing Serum Push,Email,2024-09-15,2024-09-23,Female 35-44,West,5038.54,124957,3481,258,403548.1
1624,Wedding Season Special,Email,2024-01-21,2024-01-28,Male 45+,Central,3609.57,67386,2311,126,205248.14
1089,Anti-Ageing Serum Push,Instagram,2024-03-05,2024-03-20,Female 25-34,Central,11856.58,315928,6483,123,190911.73
1793,Hair Care Revamp,Google Ads,2024-09-02,2024-09-07,Male 18-24,West,19091.42,644053,8208,459,607773.72
1366,Summer Glow Launch,YouTube,2024-04-11,2024-04-24,Male 45+,Central,78887.32,1281490,30166,1569,888703.94
1174,Hair Care Revamp,YouTube,2024-10-20,2024-11-01,Male 45+,Central,37413.91,930488,28489,354,417107.19
1104,Festive Gift Bundle,Email,2024-06-20,2024-07-04,Female 25-34,Unspecified,7923.7,226479,4488,339,536988.41
1575,Festive Gift Bundle,Email,2024-08-28,2024-09-11,Male 35-44,East,1218.1,29487,404,8,9658.24
1314,New Year Wellness,Email,2024-02-06,2024-02-12,Male 18-24,West,1991.13,62413,1194,88,36644.3
1704,Wedding Season Special,YouTube,2024-07-20,2024-07-29,Male 18-24,West,23148.76,724693,10152,693,1020884.36
1703,Anti-Ageing Serum Push,Google Ads,2024-07-05,2024-07-20,Male 45+,West,56576.14,1036919,21669,589,814737.37
1225,New Year Wellness,Google Ads,2024-11-03,2024-11-12,Female 45+,West,67431.72,1318094,32674,931,1303465.97
1277,Back To College Offer,Facebook,2024-07-20,2024-08-07,Female 35-44,Central,25838.98,503135,11425,684,439676.16
1508,Monsoon Skincare Push,Instagram,2024-06-29,2024-07-06,Male 35-44,East,17317.69,593971,7566,326,235123.63
1700,Summer Glow Launch,YouTube,2024-06-13,2024-06-29,Female 35-44,Unspecified,25761.49,453268,5443,199,232020.45
1309,Festive Gift Bundle,Google Ads,2024-05-12,2024-05-25,Female 18-24,North,40840.24,1114654,36624,1930,1174870.41
1531,New Year Wellness,YouTube,2024-03-08,2024-03-25,Male 25-34,Central,82187.21,3119075,19255,1061,478201.68
1005,Men'S Grooming Drive,Email,2024-10-25,2024-11-11,Female 45+,Central,2535.25,101253,2053,33,13804.52
1592,Ayurvedic Range Launch,YouTube,2024-04-27,2024-05-11,Female 45+,Central,83299.03,1939830,22246,1364,1458147.45
1191,Summer Glow Launch,Instagram,2024-08-15,2024-09-01,Female 45+,North,36458.68,979276,9394,551,696437.25
1708,Hair Care Revamp,Email,2024-08-15,2024-08-23,Female 35-44,East,1949.19,47801,783,17,6441.87
1057,Ayurvedic Range Launch,Google Ads,2024-03-03,2024-03-22,Male 18-24,East,56393.81,1750611,40114,461,687282.84
1684,Wedding Season Special,YouTube,2024-07-21,2024-08-01,Female 35-44,West,48908.38,1391927,35132,1164,1369205.26
1341,Hair Care Revamp,Facebook,2024-08-01,2024-08-20,Female 25-34,Central,11128.89,203445,1123,38,51376.89
1037,Men'S Grooming Drive,YouTube,2024-02-22,2024-02-27,Male 45+,East,36325.45,979619,14910,1156,827804.28
1229,Festive Gift Bundle,Google Ads,2024-11-09,2024-11-22,Male 35-44,East,37821.79,759928,16386,803,489142.16
1106,Men'S Grooming Drive,Facebook,2024-05-13,2024-06-07,Female 18-24,East,36481.82,603887,5161,162,151932.36
1667,Anti-Ageing Serum Push,Google Ads,2024-03-13,2024-04-08,Male 18-24,Central,64313.8,1284149,35105,1642,2431653.65
1114,Influencer Collab - Skincare,Google Ads,2024-10-02,2024-10-22,Female 35-44,West,69453.87,1563990,41019,2723,4564768.31
1150,Hair Care Revamp,Instagram,2024-03-20,2024-04-11,Male 18-24,East,28318.04,873819,26245,1513,674596.58
1488,Hair Care Revamp,YouTube,2024-10-09,2024-10-17,Male 25-34,East,31794.71,901034,12393,678,1163425.42
1670,Back To College Offer,Facebook,2024-07-19,2024-08-11,Female 45+,South,16937.23,402431,4744,362,200417.13
1335,Men'S Grooming Drive,Google Ads,2024-07-31,2024-08-30,Male 45+,North,30204.38,1061436,36206,1436,2369144.1
1619,Back To College Offer,Google Ads,2024-09-12,2024-09-23,Female 35-44,West,24786.26,641592,9744,543,525233.81
1458,Back To College Offer,Email,2024-02-15,2024-03-01,Female 25-34,East,5145.4,101384,3372,168,89838.89
1631,Back To College Offer,Email,2024-07-23,2024-08-06,Female 35-44,East,4728.66,110420,2089,46,76615.64
1462,Anti-Ageing Serum Push,Facebook,2024-08-22,2024-09-16,Male 25-34,Central,31394.93,817746,15924,1159,758172.83
1083,Herbal Range Awareness,Facebook,2024-08-11,2024-08-28,Male 35-44,East,25348.41,986356,14964,345,466957.26
1797,Clearance Sale Push,YouTube,2024-06-13,2024-07-08,Female 45+,West,29933.48,480405,8929,91,78747.86
1485,New Year Wellness,Facebook,2024-01-22,2024-02-14,Female 25-34,North,41966,831899,15284,258,442634.11
1813,Summer Glow Launch,Google Ads,2024-04-17,2024-04-24,Male 45+,West,74649.7,2261464,17651,485,590520.98
1270,Ayurvedic Range Launch,Google Ads,2024-07-17,2024-07-22,Male 25-34,Central,76438.15,1577650,24064,902,495223.24
1358,New Year Wellness,Facebook,2024-08-04,2024-08-29,Female 45+,South,14887.58,324814,1908,124,93343.4
1072,Monsoon Skincare Push,Instagram,2024-05-06,2024-06-02,Female 18-24,North,59531.27,1672930,38969,1382,2323153.53
1166,Back To College Offer,Facebook,2024-10-27,2024-11-04,Female 45+,North,19277.67,354926,3451,263,394019.15
1201,Wedding Season Special,Instagram,2024-04-06,2024-04-14,Male 18-24,West,19210.65,684165,7332,246,356175.17
1211,Wedding Season Special,Google Ads,2024-05-31,2024-06-25,Female 18-24,Central,32421.89,553073,4357,339,498774.72
1772,Festive Gift Bundle,YouTube,2024-11-05,2024-11-23,Female 25-34,Central,43195.82,1051411,15178,362,135120.2
1594,Summer Glow Launch,Email,2024-04-09,2024-05-03,Female 45+,South,6493.4,166418,4543,141,143173.26
1212,Back To College Offer,Facebook,2024-01-13,2024-02-01,Female 35-44,West,20595.48,353995,2346,153,177360.98
1013,New Year Wellness,Email,2024-01-30,2024-02-05,Male 35-44,Central,4337.52,164759,3449,48,52144.86
1007,Hair Care Revamp,YouTube,2024-07-10,2024-08-08,Female 35-44,East,55453.43,1911239,39965,401,1458147.45
1573,Back To College Offer,Google Ads,2024-04-29,2024-05-07,Female 18-24,South,12695.12,407653,12562,635,260880.61
1157,Monsoon Skincare Push,Facebook,2024-07-20,2024-08-16,Male 35-44,South,20355.07,535723,6433,489,267660.1
1682,Back To College Offer,Facebook,2024-10-01,2024-10-16,Male 45+,Central,41519.16,1249821,33249,2002,2572971.69
1546,Back To College Offer,Facebook,2024-01-26,2024-02-08,Female 18-24,East,21409.6,472759,14546,822,1204134.48
1409,Ayurvedic Range Launch,Instagram,2024-04-29,2024-05-19,Male 18-24,North,9913.39,270843,7074,370,133328.14
1020,Men'S Grooming Drive,Email,2024-06-17,2024-06-30,Female 45+,South,7768.22,170730,4139,157,278308.73
1500,Clearance Sale Push,Facebook,2024-09-01,2024-09-25,Female 25-34,East,7328.17,176836,1303,20,23506.31
1719,Sunscreen Season Campaign,Google Ads,2024-08-19,2024-08-28,Male 45+,West,61650.14,1519004,50869,3618,5401618.62
1733,Monsoon Skincare Push,Google Ads,2024-04-14,2024-04-24,Female 45+,West,12916.21,453564,12375,881,564022.21
1748,Anti-Ageing Serum Push,Google Ads,2024-03-30,2024-04-18,Male 45+,North,69748.85,1115661,25697,1024,1378171.57
1030,Summer Glow Launch,Instagram,2024-01-16,2024-01-28,Female 18-24,East,51639.9,1576741,19167,827,426620.1
1015,Wedding Season Special,Email,2024-02-07,2024-02-29,Female 25-34,West,4541.19,83155,1286,19,13380.04
1017,Men'S Grooming Drive,YouTube,2024-01-02,2024-01-17,Female 18-24,North,62783.5,1352914,36849,1791,1074726.4
1580,Festive Gift Bundle,Email,2024-09-20,2024-10-11,Female 35-44,North,7329.82,174883,2985,146,201826.91
1776,Influencer Collab - Skincare,Email,2024-07-12,2024-07-27,Female 35-44,Central,5999.9,199714,4804,96,139685.54
1761,Back To College Offer,Instagram,2024-08-04,2024-08-15,Female 25-34,Central,54348.2,1585020,8393,282,354000.81
1436,Festive Gift Bundle,YouTube,2024-05-19,2024-05-28,Female 18-24,West,41856.52,854576,5155,295,195715.22
1132,Summer Glow Launch,Email,2024-08-16,2024-09-01,Male 18-24,Central,4241.44,135678,3488,71,127563.5
1171,Baby Care Trust Campaign,Email,2024-07-28,2024-08-24,Male 18-24,North,6054.27,201300,2608,77,53472.27
1281,Herbal Range Awareness,YouTube,2024-11-08,2024-12-04,Male 25-34,West,67488.51,1977890,43247,3357,4822449.58
1001,Clearance Sale Push,Instagram,2024-01-17,2024-01-22,Female 45+,North,19369.17,535245,3102,74,95632.6
1058,New Year Wellness,Instagram,2024-05-21,2024-05-30,Female 18-24,South,36091.2,1261851,10470,739,399883.75
1712,Anti-Ageing Serum Push,Email,2024-07-27,2024-08-23,Female 45+,West,1926.38,45570,585,13,9858.94
1762,Baby Care Trust Campaign,YouTube,2024-04-22,2024-05-02,Male 35-44,East,30235.59,919386,30922,506,720372.65
1368,Anti-Ageing Serum Push,Email,2024-07-08,2024-07-31,Male 18-24,East,5530.65,94814,1807,128,225648.49
1470,Baby Care Trust Campaign,YouTube,2024-02-09,2024-02-22,Male 18-24,East,54860.26,1760985,30294,1001,479491.54
1663,Influencer Collab - Skincare,YouTube,2024-11-10,2024-11-18,Male 25-34,North,31966.76,627049,15538,512,902265.49
1324,Summer Glow Launch,Email,2024-10-12,2024-11-10,Female 25-34,North,4622.07,147271,1699,59,41101.79
1655,Sunscreen Season Campaign,Google Ads,2024-04-06,2024-05-05,Female 35-44,Central,24430.09,477355,2762,143,225198.2
1431,Anti-Ageing Serum Push,Email,2024-03-22,2024-04-15,Male 45+,South,7574.08,224853,4513,261,110861.2
1359,Summer Glow Launch,Email,2024-07-05,2024-07-31,Female 45+,Central,7200.04,179442,5418,373,258212.86
1420,New Year Wellness,Instagram,2024-04-01,2024-04-12,Male 18-24,East,17156.03,369621,2970,202,110898.63
1302,Influencer Collab - Skincare,Email,2024-02-01,2024-02-26,Male 25-34,Central,5046.99,147985,3653,111,110861.2
1643,Sunscreen Season Campaign,Instagram,2024-11-02,2024-11-22,Male 18-24,South,37605.12,1110961,34255,609,995989.26
1313,Festive Gift Bundle,Email,2024-10-03,2024-10-28,Female 25-34,Central,4497.79,175970,5165,401,149896.41
1062,Monsoon Skincare Push,Email,2024-10-27,2024-11-18,Female 18-24,North,3307.52,59719,932,52,74771.43
1777,Summer Glow Launch,Facebook,2024-03-18,2024-04-05,Female 45+,South,31000.22,1232589,13951,1107,796455.55
1139,Back To College Offer,Google Ads,2024-02-22,2024-03-21,Female 45+,West,62594.18,1404783,49138,2038,1743379.82
1103,Ayurvedic Range Launch,Email,2024-11-29,2024-12-22,Female 25-34,East,4746.07,156990,5196,384,231876.07
1069,Hair Care Revamp,YouTube,2024-04-30,2024-05-08,Female 35-44,East,34197.62,661295,6339,400,183704.9
1605,Summer Glow Launch,Google Ads,2024-07-14,2024-07-30,Male 18-24,East,75323.47,3004348,32672,1152,728741.93
1727,Sunscreen Season Campaign,Instagram,2024-06-09,2024-06-17,Male 45+,West,32762.45,632421,14669,439,526974.06
1445,Hair Care Revamp,Email,2024-08-06,2024-08-13,Female 45+,Unspecified,5166.28,97229,2605,72,73605.19
1065,Sunscreen Season Campaign,Email,2024-03-20,2024-03-30,Female 18-24,East,1348.34,22975,420,16,19684.16
1589,Hair Care Revamp,YouTube,2024-06-15,2024-06-27,Male 45+,North,46864.9,909406,30637,1723,1471422.93
1348,Monsoon Skincare Push,YouTube,2024-11-25,2024-12-12,Male 25-34,West,50686.97,1524620,26121,1147,865286.96
1726,Baby Care Trust Campaign,Facebook,2024-05-07,2024-06-06,Male 25-34,South,24611.62,872842,4649,131,455011.26
1723,Clearance Sale Push,Facebook,2024-10-22,2024-11-21,Male 35-44,East,36726.5,1378947,46834,3030,3574790.04
1606,Wedding Season Special,Google Ads,2024-05-20,2024-06-14,Male 25-34,East,77979.85,2774768,85728,6423,11535616.71
1081,Summer Glow Launch,YouTube,2024-07-01,2024-07-31,Female 18-24,West,40860.19,1361605,32471,2078,2942491.9
1412,Sunscreen Season Campaign,Email,2024-04-25,2024-05-22,Female 18-24,East,7704.43,292189,3186,105,46318.02
1556,Anti-Ageing Serum Push,Instagram,2024-03-07,2024-04-03,Male 25-34,South,38620.31,1139998,25689,1749,581395.83
1715,Ayurvedic Range Launch,Email,2024-08-28,2024-09-11,Female 35-44,South,5733.12,209976,1435,32,11492.94
1333,Clearance Sale Push,Facebook,2024-10-09,2024-10-17,Female 35-44,North,7091.01,215836,2506,87,71621.13
1347,Festive Gift Bundle,Email,2024-03-02,2024-03-11,Female 25-34,North,3804.37,113233,911,68,120216.34
1747,Anti-Ageing Serum Push,Instagram,2024-04-20,2024-05-14,Male 45+,West,12937.6,415239,9468,542,211890.47
1468,Sunscreen Season Campaign,Facebook,2024-02-20,2024-03-17,Male 18-24,East,16432.42,323748,4529,309,537123.34
1679,Wedding Season Special,Instagram,2024-07-22,2024-07-31,Male 35-44,East,13388.55,520839,15332,1105,857670.92
1008,Summer Glow Launch,Google Ads,2024-09-29,2024-10-28,Female 25-34,North,18987.4,510420,10971,313,505503.74
1331,Men'S Grooming Drive,Facebook,2024-06-11,2024-07-04,Female 18-24,South,25399.1,615719,6868,408,536541.32
1443,Back To College Offer,Facebook,2024-02-05,2024-02-16,Male 45+,West,33912.15,628673,6994,114,137861.85
1279,Anti-Ageing Serum Push,Facebook,2024-03-08,2024-03-19,Female 25-34,West,33392.65,712190,13360,933,796455.55
1280,Sunscreen Season Campaign,YouTube,2024-11-13,2024-12-08,Male 25-34,Central,76509.1,1544790,16290,225,192617.72
1194,Sunscreen Season Campaign,Google Ads,2024-08-06,2024-09-03,Male 35-44,North,16649.89,565348,3605,251,329278.06
1196,Anti-Ageing Serum Push,Facebook,2024-07-02,2024-07-26,Female 45+,Central,43953.33,1626218,43612,3158,3317370.05
1506,Men'S Grooming Drive,YouTube,2024-04-20,2024-05-20,Male 18-24,North,64066.51,2192397,21554,1669,1833623.74
1137,Hair Care Revamp,YouTube,2024-07-02,2024-07-07,Female 18-24,South,25240.1,893004,30286,1374,1467028.43
1753,Ayurvedic Range Launch,Facebook,2024-03-15,2024-04-10,Female 25-34,North,43745.21,815194,22675,984,1756742.13
1273,Festive Gift Bundle,Facebook,2024-11-01,2024-11-13,Male 18-24,Central,36244.63,869201,22289,966,1041706.05
1184,Wedding Season Special,YouTube,2024-01-14,2024-02-08,Female 35-44,Central,89810.18,1929630,33878,1259,505126.61
1208,Anti-Ageing Serum Push,YouTube,2024-01-03,2024-01-18,Male 25-34,East,68226.7,1287447,12373,403,170767.38
1344,Back To College Offer,Instagram,2024-09-15,2024-10-08,Male 18-24,Central,13153.5,387414,2099,52,32642.68
1334,Summer Glow Launch,Google Ads,2024-06-11,2024-07-05,Male 45+,North,45808.91,751320,18785,710,985584.7
1593,Anti-Ageing Serum Push,Instagram,2024-01-18,2024-01-31,Male 18-24,Unspecified,14429.43,499277,12311,236,336007.91
1743,Wedding Season Special,Google Ads,2024-02-24,2024-03-07,Female 45+,West,55073.16,1040471,26863,1685,2339610.26
1459,Baby Care Trust Campaign,Google Ads,2024-09-23,2024-10-19,Female 35-44,West,51354.32,907155,4785,333,269094.98
1528,Baby Care Trust Campaign,Email,2024-09-18,2024-10-01,Female 18-24,North,3868.66,116435,3646,279,312263.04
1306,Ayurvedic Range Launch,Instagram,2024-02-20,2024-03-04,Male 25-34,Central,38377.2,1018059,25714,692,916374.28
1177,Back To College Offer,Instagram,2024-10-19,2024-11-12,Male 45+,West,9948.21,217720,2028,106,956998.6
1002,Clearance Sale Push,Instagram,2024-02-19,2024-03-06,Female 45+,South,39393.75,1385801,37266,1771,3118762.63
1146,Clearance Sale Push,Email,2024-11-24,2024-12-20,Female 35-44,East,1478.88,43009,1002,21,18043.67
1361,Summer Glow Launch,Google Ads,2024-05-06,2024-05-19,Male 45+,North,35409.86,1164693,34522,396,693739.52
1071,Monsoon Skincare Push,Google Ads,2024-08-24,2024-09-16,Female 45+,North,76796.2,2570601,16016,1179,1389925.69
1332,Men'S Grooming Drive,Facebook,2024-03-20,2024-03-25,Male 35-44,West,30030.41,831398,20300,622,1025782.07
1125,Festive Gift Bundle,Email,2024-02-07,2024-02-14,Male 18-24,North,4466.26,68192,1637,101,81727.53
1186,Herbal Range Awareness,Instagram,2024-08-25,2024-09-02,Male 25-34,West,10791.2,333015,7462,398,411817.98
1167,Influencer Collab - Skincare,YouTube,2024-03-06,2024-03-16,Male 25-34,South,15134.84,492642,10929,760,1115455.09
1113,Baby Care Trust Campaign,YouTube,2024-09-23,2024-10-05,Female 35-44,East,37537.57,620268,20751,1485,2482604.61
1460,Baby Care Trust Campaign,Email,2024-05-20,2024-06-16,Female 25-34,North,4347.98,155297,3082,182,163113.41
1117,Hair Care Revamp,Google Ads,2024-06-09,2024-06-27,Male 35-44,West,49376.73,1013795,9507,268,457047.06
1791,Wedding Season Special,YouTube,2024-04-27,2024-05-23,Female 18-24,West,34060.64,736872,15417,197,340891.25
1786,Monsoon Skincare Push,Instagram,2024-10-23,2024-11-04,Male 35-44,North,33043.03,834237,27443,1558,2062603.48
1111,Back To College Offer,Facebook,2024-09-29,2024-10-16,Female 45+,East,16890.53,399528,5301,400,560513.89
1692,Herbal Range Awareness,Email,2024-01-29,2024-02-19,Male 25-34,East,2316.55,39913,1267,78,91911.19
1227,Back To College Offer,YouTube,2024-09-28,2024-10-16,Female 18-24,West,85381.62,2309836,64814,2238,3394375.73
1016,Influencer Collab - Skincare,Google Ads,2024-03-09,2024-03-22,Female 25-34,Central,72279.89,2425743,23441,696,456167.45
1560,Back To College Offer,YouTube,2024-03-06,2024-04-05,Female 25-34,West,37367.02,670670,7992,416,345210.82
1648,Anti-Ageing Serum Push,Email,2024-04-16,2024-05-12,Male 18-24,Unspecified,2791.51,99974,570,22,19898.76
1061,Baby Care Trust Campaign,Email,2024-08-08,2024-08-27,Male 18-24,North,3896.69,139055,2358,144,115660.1
1455,New Year Wellness,Google Ads,2024-02-21,2024-03-20,Male 45+,Central,30570.41,607645,5647,262,308962.01
1080,Baby Care Trust Campaign,Instagram,2024-08-07,2024-08-12,Male 25-34,Central,26346.43,771070,8188,464,514600.41
1243,Herbal Range Awareness,Google Ads,2024-08-15,2024-09-13,Male 25-34,East,62352.68,1747333,32340,702,1115202.24
1286,Festive Gift Bundle,Facebook,2024-01-29,2024-02-19,Female 45+,Central,30857.48,986048,21353,241,286121.61
1012,Wedding Season Special,Instagram,2024-01-31,2024-02-10,Female 45+,West,8112.08,200859,6587,427,326062.06
1390,Sunscreen Season Campaign,Google Ads,2024-07-24,2024-08-22,Male 35-44,Central,40385.06,1002827,6130,457,259978.41
1461,Clearance Sale Push,Facebook,2024-03-22,2024-03-27,Male 25-34,South,23260.57,594561,11417,392,359650.57
1635,Wedding Season Special,Email,2024-09-03,2024-10-01,Male 45+,Central,3050.74,76146,2259,144,126272.34
1289,Ayurvedic Range Launch,Instagram,2024-01-03,2024-01-17,Female 25-34,North,43726.72,1305556,9938,424,176766.73
1499,Hair Care Revamp,Instagram,2024-03-12,2024-03-26,Male 35-44,North,15495.29,562987,19228,1421,997003.79
1671,Sunscreen Season Campaign,Facebook,2024-09-25,2024-10-03,Male 25-34,East,32331.65,672644,12207,824,935096.83
1622,Summer Glow Launch,Instagram,2024-08-10,2024-08-16,Male 45+,Central,22649.13,408562,8044,287,470476.4
1325,Back To College Offer,Facebook,2024-04-04,2024-05-04,Female 45+,West,33579.68,1094615,5517,297,269698.26
1554,Summer Glow Launch,Email,2024-11-26,2024-12-21,Female 18-24,West,5339.14,85777,2763,213,219063.11
1095,Hair Care Revamp,Email,2024-07-06,2024-07-12,Female 45+,South,1358.1,39446,626,18,16383.7
1424,Wedding Season Special,Google Ads,2024-02-13,2024-02-27,Female 35-44,East,46317.45,961292,5992,274,229541.38
1568,New Year Wellness,Facebook,2024-05-18,2024-05-31,Female 18-24,Unspecified,22903.77,817194,6157,181,223378.29
1438,Clearance Sale Push,Instagram,2024-11-15,2024-11-26,Male 18-24,North,28543.32,733477,8781,152,956998.6
1401,Monsoon Skincare Push,YouTube,2024-06-23,2024-07-11,Female 18-24,Unspecified,46120.23,1682983,24439,684,353104.54
1317,Influencer Collab - Skincare,YouTube,2024-11-29,2024-12-22,Female 25-34,Unspecified,46216.67,1626147,45819,2678,1737840.74
1386,Wedding Season Special,Instagram,2024-06-21,2024-07-09,Female 25-34,Unspecified,40113.27,722728,8472,237,199902.42
1687,Herbal Range Awareness,Google Ads,2024-10-12,2024-10-18,Female 18-24,East,36120.29,693972,23531,1106,394574.89
1257,New Year Wellness,Instagram,2024-08-27,2024-09-26,Female 25-34,South,11156.41,322983,10706,418,369992.51
1487,Summer Glow Launch,Facebook,2024-03-25,2024-04-13,Female 25-34,South,22902.62,789780,13446,389,239972.62
1498,Anti-Ageing Serum Push,Facebook,2024-07-15,2024-07-22,Male 18-24,West,37456.53,1055287,29862,1994,1332060.36
1380,Back To College Offer,YouTube,2024-03-28,2024-04-22,Female 18-24,North,49512.23,1244108,30768,1910,2678911.64
1369,Men'S Grooming Drive,Email,2024-06-30,2024-07-24,Male 45+,North,7770.47,232770,6388,84,60295.41
1170,Influencer Collab - Skincare,Email,2024-06-24,2024-07-04,Female 25-34,East,2126.33,35881,1193,93,78122.64
1789,Influencer Collab - Skincare,Google Ads,2024-04-18,2024-04-27,Male 18-24,North,57624.9,2100102,57378,1672,1532389.3
1710,Clearance Sale Push,Google Ads,2024-01-09,2024-02-02,Male 45+,East,39241.71,754480,23039,540,408432.49
1292,Baby Care Trust Campaign,YouTube,2024-10-17,2024-10-26,Male 45+,South,75963.83,2886035,54973,2302,3090419.03
1327,Herbal Range Awareness,Facebook,2024-04-25,2024-05-10,Male 18-24,West,45509.05,1255555,22208,306,272517.47
1642,Baby Care Trust Campaign,Facebook,2024-09-24,2024-10-08,Female 35-44,South,15140.21,319435,8896,386,190101.85
1613,Sunscreen Season Campaign,Google Ads,2024-10-27,2024-11-11,Male 45+,Central,49463.86,1556015,49851,1623,814240.92
1752,Summer Glow Launch,Instagram,2024-09-18,2024-10-18,Female 18-24,Unspecified,13863.13,438737,9901,105,170788.56
1495,Festive Gift Bundle,Instagram,2024-03-01,2024-03-17,Male 35-44,East,54570.5,1643262,16994,800,975549.32
1075,Influencer Collab - Skincare,Instagram,2024-11-01,2024-11-18,Female 35-44,Central,16436.86,588170,16546,1102,650215.03
1346,Hair Care Revamp,Google Ads,2024-11-03,2024-12-01,Male 45+,West,58093.26,2092940,24646,949,1687507.41
1706,New Year Wellness,Google Ads,2024-02-19,2024-03-20,Female 18-24,West,16002.5,243505,7516,102,161799.68
1452,Summer Glow Launch,Email,2024-02-19,2024-03-01,Female 18-24,North,6542.51,159582,3287,254,186807.32
1444,Clearance Sale Push,Instagram,2024-06-04,2024-06-18,Male 18-24,South,31310.1,967171,12723,823,383537.06
1308,Clearance Sale Push,YouTube,2024-02-26,2024-03-24,Female 35-44,Central,34000.18,906917,30005,1641,2769857.55
1310,Ayurvedic Range Launch,Facebook,2024-10-19,2024-11-16,Female 25-34,Unspecified,40198.44,621834,12393,690,455011.26
1329,Ayurvedic Range Launch,Facebook,2024-08-15,2024-09-12,Female 45+,Central,6945.22,137004,775,51,79594.37
1028,Sunscreen Season Campaign,YouTube,2024-09-06,2024-09-18,Male 18-24,West,47687.7,749918,11311,650,608568.46
1515,Sunscreen Season Campaign,Email,2024-08-18,2024-08-27,Female 18-24,West,4145.3,162646,1288,32,56627.08
1337,Sunscreen Season Campaign,Google Ads,2024-04-24,2024-04-29,Male 45+,Central,20781.68,467675,11325,617,327044.89
1694,New Year Wellness,Facebook,2024-05-28,2024-06-02,Female 25-34,North,35022.14,1326678,19797,443,405512.4
1376,Men'S Grooming Drive,Facebook,2024-07-07,2024-07-28,Female 25-34,East,27543.41,1022833,19733,975,939366.03
1353,Monsoon Skincare Push,Instagram,2024-10-17,2024-11-07,Female 45+,East,21864.18,708376,16037,1266,1136512.9
1216,Monsoon Skincare Push,Google Ads,2024-05-28,2024-06-23,Female 25-34,North,27548.13,549184,12311,943,818383.14
1636,Monsoon Skincare Push,Email,2024-07-30,2024-08-25,Male 35-44,Central,1993.65,42019,818,23,19056.36
1320,Festive Gift Bundle,YouTube,2024-10-30,2024-11-22,Male 45+,North,46429.97,1563629,49959,1304,664639.23
1367,Anti-Ageing Serum Push,Instagram,2024-04-07,2024-05-07,Male 18-24,West,22974.02,628436,5596,391,477066.94
1307,Hair Care Revamp,Facebook,2024-08-16,2024-09-01,Female 25-34,North,37911.03,807406,4861,259,112012
1207,New Year Wellness,Instagram,2024-10-28,2024-11-19,Male 35-44,West,39376.12,1354682,45962,1406,853818.18
1812,Clearance Sale Push,YouTube,2024-04-14,2024-05-03,Female 18-24,South,55123.55,1844730,14902,1181,1352745.37
1611,Festive Gift Bundle,Email,2024-04-12,2024-04-22,Male 25-34,West,2815.48,73174,568,19,16667.54
1435,Summer Glow Launch,Facebook,2024-09-05,2024-09-24,Male 45+,South,9632.14,302695,7993,324,334576.08
1564,Baby Care Trust Campaign,Facebook,2024-07-12,2024-08-08,Female 45+,North,24907.62,639399,5839,237,391254.47
1563,Wedding Season Special,YouTube,2024-01-19,2024-02-08,Female 25-34,South,31893.38,757673,14644,947,1534947.04
1427,Back To College Offer,YouTube,2024-08-24,2024-09-08,Male 45+,South,38480.61,757920,21300,1253,819334.06
1530,New Year Wellness,Facebook,2024-08-10,2024-08-25,Female 45+,Central,14718.62,239052,4737,62,46369.95
1147,Back To College Offer,YouTube,2024-06-28,2024-07-16,Female 45+,South,74330.75,1575414,38343,1049,1281299.62
1411,Men'S Grooming Drive,YouTube,2024-06-14,2024-07-02,Female 18-24,North,35552.67,1137839,21616,763,1106793.67
1034,Summer Glow Launch,Email,2024-06-23,2024-07-06,Male 25-34,West,5908.29,129431,686,52,24655.22
1363,Ayurvedic Range Launch,Facebook,2024-09-08,2024-09-28,Female 25-34,West,24170.3,870833,23095,1648,2536848.64
1683,Sunscreen Season Campaign,YouTube,2024-01-12,2024-02-03,Female 35-44,West,56924.7,935764,14437,1021,576279.13
1290,Ayurvedic Range Launch,YouTube,2024-08-13,2024-09-08,Male 35-44,South,35449.07,671313,5661,436,506395.41
1189,New Year Wellness,Instagram,2024-03-26,2024-04-02,Male 25-34,South,23506.52,523506,14048,726,609739.06
1260,Baby Care Trust Campaign,Email,2024-07-03,2024-07-22,Male 25-34,West,7718.77,115819,699,20,7472.77
1025,New Year Wellness,Email,2024-01-26,2024-02-17,Male 45+,North,7422.29,133853,1204,51,57127.2
1311,Baby Care Trust Campaign,Google Ads,2024-10-03,2024-10-15,Female 25-34,West,36909.67,1189655,33780,624,702743.13
1465,Summer Glow Launch,YouTube,2024-10-30,2024-11-09,Female 25-34,West,51314.36,1596642,28755,1437,710150.77
1567,Wedding Season Special,Facebook,2024-11-14,2024-12-04,Female 45+,Central,9451.63,357283,10805,502,397665.24
1770,Festive Gift Bundle,Instagram,2024-10-20,2024-11-19,Male 35-44,South,32045.07,845143,22232,1332,779254.64
1527,Men'S Grooming Drive,Email,2024-03-25,2024-04-24,Male 25-34,East,7676.33,208763,6573,260,372648.88
1701,Baby Care Trust Campaign,Facebook,2024-11-11,2024-11-28,Male 25-34,West,46050.61,964379,19014,522,924561.23
1395,Sunscreen Season Campaign,Facebook,2024-03-07,2024-03-27,Female 45+,West,25631.22,621104,12911,660,727630.36
1053,Summer Glow Launch,Google Ads,2024-03-30,2024-04-10,Female 45+,North,65055.9,2401311,38362,1731,1289880.02
1522,Summer Glow Launch,Instagram,2024-10-19,2024-11-05,Female 25-34,North,46601.66,851118,15840,858,745838.77
1616,Ayurvedic Range Launch,Facebook,2024-06-26,2024-07-15,Female 35-44,North,13275.05,199405,1879,134,105439.16
1766,Clearance Sale Push,Instagram,2024-08-11,2024-09-08,Male 45+,East,55277.78,952796,12050,313,275929.03
1677,Influencer Collab - Skincare,Email,2024-06-11,2024-06-25,Male 18-24,North,7399.2,127716,2194,117,149436.93
1644,Summer Glow Launch,YouTube,2024-09-16,2024-10-06,Male 35-44,East,36281.68,1129520,14600,689,581968.2
1579,Influencer Collab - Skincare,YouTube,2024-10-21,2024-11-10,Female 35-44,North,81108.09,1618317,16826,703,416047.96
1120,Hair Care Revamp,Instagram,2024-09-14,2024-10-11,Female 18-24,East,30389.81,1169788,12140,901,1000433.31
1440,Ayurvedic Range Launch,Google Ads,2024-09-03,2024-09-10,Male 35-44,South,11235.42,424727,7843,358,510375.61
1475,Anti-Ageing Serum Push,YouTube,2024-05-05,2024-06-02,Male 35-44,North,86315.13,3071444,96473,4531,5588221.55
1494,Summer Glow Launch,YouTube,2024-03-13,2024-03-18,Female 45+,East,16800.07,431398,4064,227,153799.85
1070,Sunscreen Season Campaign,YouTube,2024-03-18,2024-04-06,Male 35-44,Central,50169.08,1544436,44618,2293,1972705.1
1403,Influencer Collab - Skincare,Facebook,2024-05-17,2024-05-23,Female 25-34,Central,26452.24,665985,13003,500,344461.83
1626,Men'S Grooming Drive,Facebook,2024-04-02,2024-04-28,Female 45+,East,17997.89,453179,2520,98,52739.88
1428,Men'S Grooming Drive,YouTube,2024-07-25,2024-08-23,Female 45+,East,55320.3,1280774,7296,474,799689.7
1548,Ayurvedic Range Launch,YouTube,2024-02-13,2024-02-27,Male 25-34,West,84533.9,2242587,23549,1525,2377606
1610,Herbal Range Awareness,Instagram,2024-08-23,2024-08-30,Male 35-44,South,57048.34,1294686,32919,2501,4010727.56
1483,Herbal Range Awareness,Facebook,2024-07-05,2024-07-18,Male 25-34,West,37309.77,790005,25164,571,200293.72
1754,New Year Wellness,Email,2024-01-15,2024-01-26,Female 45+,West,6085.47,148132,2739,187,126383.11
1176,Anti-Ageing Serum Push,Instagram,2024-11-15,2024-12-08,Female 18-24,East,48647.65,866559,8223,408,487511.76
1100,Ayurvedic Range Launch,YouTube,2024-05-22,2024-06-13,Male 18-24,East,31865.03,1253021,17452,527,342841.33
1467,Hair Care Revamp,Facebook,2024-10-05,2024-10-15,Male 35-44,North,48992.54,1541010,19185,253,435514.75
1230,Influencer Collab - Skincare,YouTube,2024-02-21,2024-03-03,Female 35-44,North,45042.07,1056729,22737,1336,1836793.46
1545,Influencer Collab - Skincare,Email,2024-08-26,2024-09-21,Female 35-44,North,4662.3,103710,2255,48,50683.01
1775,Clearance Sale Push,Instagram,2024-01-13,2024-02-01,Male 35-44,North,25370.13,769302,11853,389,343702.09
1284,Clearance Sale Push,YouTube,2024-04-16,2024-05-16,Female 25-34,North,89924.03,2279666,34226,1684,1458147.45
1156,New Year Wellness,Google Ads,2024-05-23,2024-05-30,Female 35-44,West,74489.21,2788294,57418,3391,3018374.41
1124,Clearance Sale Push,Instagram,2024-11-05,2024-12-04,Male 35-44,West,57652.64,1436564,40520,489,364952.53
1471,Summer Glow Launch,Facebook,2024-03-30,2024-04-20,Female 25-34,South,44522.52,1323239,38643,644,551203.02
1021,Baby Care Trust Campaign,Google Ads,2024-08-11,2024-09-04,Male 35-44,North,18095.2,678345,7259,95,93316.92
1384,Clearance Sale Push,Google Ads,2024-09-16,2024-09-28,Male 18-24,South,73634.91,1728861,39872,2750,3582120.57
1149,Herbal Range Awareness,YouTube,2024-01-08,2024-01-21,Female 25-34,Unspecified,17987.01,296996,8517,387,488172.45
1136,Back To College Offer,Google Ads,2024-06-09,2024-06-17,Female 35-44,East,31376.6,614231,15849,725,693423.86
1269,Clearance Sale Push,Email,2024-09-13,2024-10-02,Male 18-24,Central,7484.45,116287,1444,67,55856.29
1108,Back To College Offer,Facebook,2024-02-01,2024-02-23,Female 25-34,Central,14894.9,423260,4205,293,290265.96
1533,Herbal Range Awareness,Facebook,2024-10-02,2024-10-07,Male 35-44,South,44192.65,949796,27115,481,828936.18
1074,Ayurvedic Range Launch,YouTube,2024-09-17,2024-10-03,Female 45+,Central,42194.83,823076,9404,717,756501.56
1750,Summer Glow Launch,YouTube,2024-11-21,2024-12-13,Male 35-44,West,46396.84,734852,13292,786,351389.87
1288,New Year Wellness,Email,2024-08-15,2024-09-05,Female 25-34,East,6593.18,248061,2386,80,84082.75
1449,Wedding Season Special,Instagram,2024-10-27,2024-11-10,Female 45+,West,29403.67,1085289,29117,472,600601.76
1218,Sunscreen Season Campaign,Email,2024-05-23,2024-06-01,Female 25-34,Central,2375.02,79179,1884,114,187364.99
1755,Ayurvedic Range Launch,YouTube,2024-02-08,2024-02-26,Male 45+,South,17318.55,288498,2176,157,88087.6
1818,New Year Wellness,Facebook,2024-03-05,2024-03-11,Female 25-34,Central,38428.16,1088999,33448,1645,1516986.47
1672,Summer Glow Launch,Google Ads,2024-09-06,2024-10-05,Female 35-44,North,25724.34,452137,15792,824,1004141.33
1056,Wedding Season Special,Instagram,2024-07-31,2024-08-25,Female 35-44,East,51352.04,1560655,51769,1531,2068238.56
1293,Back To College Offer,Facebook,2024-06-15,2024-07-04,Male 35-44,East,7331.62,197098,3063,129,77098.43
1224,New Year Wellness,Email,2024-10-20,2024-10-29,Female 18-24,South,2164.39,82379,1688,64,112345.81
1585,Clearance Sale Push,YouTube,2024-08-15,2024-09-02,Female 25-34,West,34729.24,1271526,44239,2708,1405102.2
1763,Back To College Offer,Instagram,2024-05-23,2024-05-31,Male 18-24,Central,20416.08,463697,10381,539,490877.96
1261,Back To College Offer,Facebook,2024-02-18,2024-02-24,Female 35-44,East,21648.85,399642,6399,324,222860.65
1516,Herbal Range Awareness,Email,2024-01-09,2024-01-23,Male 35-44,Central,4514.6,165658,4303,238,240664.73
1451,Festive Gift Bundle,YouTube,2024-08-13,2024-09-07,Female 45+,South,23189.66,716811,5300,84,44586.22
1779,Festive Gift Bundle,Google Ads,2024-04-25,2024-04-30,Male 18-24,Central,43837.72,1017203,20613,925,1295186.24
1621,Anti-Ageing Serum Push,Email,2024-09-14,2024-09-30,Male 45+,East,5984.16,216053,7378,131,79820.58
1728,Sunscreen Season Campaign,Google Ads,2024-11-26,2024-12-11,Female 45+,Unspecified,22459.89,681142,18946,1043,855072.82
1583,Herbal Range Awareness,Email,2024-08-08,2024-08-29,Male 18-24,South,5025.96,152723,1219,36,18788.37
1697,Hair Care Revamp,Email,2024-04-13,2024-04-20,Female 45+,East,6925.18,138640,2848,35,36550.1
1394,Sunscreen Season Campaign,YouTube,2024-06-28,2024-07-12,Male 18-24,Central,65019.18,2300182,51024,1010,906591.45
1090,Hair Care Revamp,Facebook,2024-03-23,2024-04-07,Female 35-44,North,15920.69,615924,12667,378,175523.11
1052,Clearance Sale Push,Instagram,2024-04-22,2024-05-17,Male 35-44,East,40286.34,1286911,34267,1923,3010627.3
1109,Influencer Collab - Skincare,YouTube,2024-06-06,2024-07-04,Male 45+,West,44696.15,1582750,43326,2187,909070.76
1501,Clearance Sale Push,Facebook,2024-05-26,2024-06-03,Female 18-24,East,8640.04,268371,6206,137,79803.29
1165,Sunscreen Season Campaign,Google Ads,2024-01-01,2024-01-16,Male 45+,Unspecified,24102.51,440165,11667,867,1364841.74
1038,Baby Care Trust Campaign,Email,2024-05-07,2024-05-15,Female 25-34,South,6351.1,191536,5501,141,156189.95
1751,Hair Care Revamp,Email,2024-10-19,2024-10-29,Female 25-34,Unspecified,2375.62,74823,1599,78,81348.2
1351,Anti-Ageing Serum Push,Facebook,2024-10-10,2024-11-05,Male 45+,West,31177.25,838598,25686,1167,1070731.82
1534,Clearance Sale Push,Email,2024-10-26,2024-11-13,Female 35-44,West,4127.46,74539,1552,78,102089.52
1198,Summer Glow Launch,YouTube,2024-02-08,2024-03-08,Female 35-44,Central,39047.54,908728,12126,551,632668.44
1551,Clearance Sale Push,YouTube,2024-06-03,2024-06-28,Female 35-44,West,68935.65,2648044,77239,4144,2656365.4
1391,Anti-Ageing Serum Push,YouTube,2024-06-25,2024-06-30,Male 35-44,Central,82515.64,2496925,23485,898,1152695.3
1447,Wedding Season Special,Instagram,2024-09-17,2024-10-14,Male 35-44,West,41018.95,992843,6682,247,238320.05
1419,New Year Wellness,Email,2024-01-04,2024-01-20,Female 35-44,East,1516.12,23879,201,6,3791.31
1778,Wedding Season Special,Facebook,2024-06-24,2024-07-18,Male 45+,West,49096.16,1780464,59948,1682,1950992.92
1312,Herbal Range Awareness,Instagram,2024-11-27,2024-12-08,Male 25-34,North,36832.72,1443394,35827,1107,1013626.6
1453,Ayurvedic Range Launch,Google Ads,2024-11-08,2024-11-14,Female 45+,South,71115.42,2500187,12732,903,842157.77
1587,Festive Gift Bundle,Instagram,2024-09-05,2024-09-15,Female 35-44,South,33829.77,618908,14880,241,264773.21
1519,Herbal Range Awareness,Email,2024-04-24,2024-05-15,Male 35-44,Unspecified,4621.06,90413,1285,94,156842.73
1185,Ayurvedic Range Launch,Facebook,2024-10-12,2024-10-22,Female 35-44,East,10294.53,187346,2390,159,231540.8
1596,Sunscreen Season Campaign,Email,2024-02-18,2024-03-11,Female 25-34,East,2453.77,94598,2157,34,31777.52
1454,Men'S Grooming Drive,Instagram,2024-09-20,2024-10-08,Male 45+,South,17772.62,704764,23769,1589,594467.05
1496,Back To College Offer,Google Ads,2024-02-09,2024-03-10,Male 25-34,East,70319.98,2774210,78603,1592,898335.77
1029,Summer Glow Launch,YouTube,2024-08-24,2024-09-03,Female 35-44,North,34511.72,800113,14914,501,814364.47
1448,Clearance Sale Push,Google Ads,2024-05-10,2024-05-22,Female 35-44,Central,50483.93,1593531,15684,284,137411.53
1099,Summer Glow Launch,Instagram,2024-02-01,2024-02-28,Male 45+,West,34971.53,1014949,35466,1542,1382242.52
1491,New Year Wellness,Facebook,2024-08-23,2024-09-02,Female 35-44,South,14309.84,390128,10488,580,220700.78
1010,Hair Care Revamp,Google Ads,2024-05-04,2024-06-03,Male 45+,South,66524.79,1314546,10395,417,402066.81
1434,Anti-Ageing Serum Push,Facebook,2024-07-28,2024-08-16,Male 35-44,East,17121.73,473443,8931,135,183195.58
1656,Wedding Season Special,Google Ads,2024-04-29,2024-05-10,Male 25-34,East,11910.75,439994,14665,273,1193969.55
1540,Ayurvedic Range Launch,Facebook,2024-06-05,2024-07-02,Male 45+,North,13490.23,432173,4321,143,144439.1
1691,Back To College Offer,YouTube,2024-10-06,2024-10-31,Female 45+,East,36192.12,665460,18570,566,712136.64
1492,Monsoon Skincare Push,YouTube,2024-01-07,2024-01-31,Female 35-44,West,43340.63,672555,20040,1271,1632598.31
1680,New Year Wellness,Email,2024-05-05,2024-05-17,Male 18-24,East,5535.27,112915,606,16,6081.96
1588,Baby Care Trust Campaign,Email,2024-11-22,2024-12-08,Male 18-24,West,4713.23,183148,5739,395,639428.63
1356,Anti-Ageing Serum Push,Facebook,2024-10-22,2024-11-11,Female 35-44,Central,35075.47,1248606,41382,1189,1515966.94
1266,Herbal Range Awareness,Google Ads,2024-04-29,2024-05-10,Female 18-24,West,36167.46,1227644,37544,670,287483.68
1729,Monsoon Skincare Push,Facebook,2024-02-17,2024-03-17,Male 18-24,North,48782.06,1144132,19884,1243,1322627.53
1599,Anti-Ageing Serum Push,YouTube,2024-10-15,2024-11-09,Male 35-44,East,25613.82,719268,8008,424,587659.11
1223,Festive Gift Bundle,Facebook,2024-07-04,2024-07-28,Female 35-44,East,41946.02,1322463,23061,763,392442.27
1666,Sunscreen Season Campaign,Email,2024-08-06,2024-08-31,Male 35-44,East,7753.27,140766,1662,69,35269.25
1584,Baby Care Trust Campaign,Google Ads,2024-01-15,2024-02-08,Female 35-44,East,77189.97,2199585,63721,666,1193969.55
1480,Sunscreen Season Campaign,Email,2024-03-08,2024-03-16,Female 45+,East,6548.99,118884,1821,19,25506.26
1253,Herbal Range Awareness,Instagram,2024-10-12,2024-11-11,Male 35-44,North,47348.27,1663729,30215,710,958082.85
1122,Sunscreen Season Campaign,Facebook,2024-09-27,2024-10-03,Female 25-34,East,15302.35,561640,17762,768,320651.41
1571,Influencer Collab - Skincare,Instagram,2024-01-20,2024-02-13,Female 45+,South,26808.13,843940,24029,1603,1974252.88
1406,Men'S Grooming Drive,YouTube,2024-04-17,2024-05-11,Female 45+,South,86806.29,1992863,50744,1724,1256749.06
1569,New Year Wellness,Instagram,2024-10-04,2024-11-02,Female 18-24,Central,56735.64,2141847,59188,1984,3076843.69
1562,Anti-Ageing Serum Push,Instagram,2024-02-01,2024-02-13,Male 35-44,North,11791.42,456327,14661,868,956998.6
1601,Wedding Season Special,Google Ads,2024-10-26,2024-11-23,Female 45+,South,35709.24,1220353,40307,1986,2542713.66
1188,Influencer Collab - Skincare,Facebook,2024-07-25,2024-08-12,Female 45+,North,22865.92,364554,4003,144,53339.3
1555,Back To College Offer,Google Ads,2024-12-01,2024-12-10,Female 35-44,Central,55915.34,1625945,30542,2141,1184095
1673,Summer Glow Launch,Email,2024-08-02,2024-08-28,Male 35-44,East,7881.61,134596,1081,71,49840.52
1639,Baby Care Trust Campaign,Email,2024-09-24,2024-10-10,Male 35-44,South,4466.26,191487,1928,90,54388.05
1209,Hair Care Revamp,Email,2024-09-23,2024-09-30,Female 35-44,East,2115.59,60457,1033,35,57082.38
1816,Herbal Range Awareness,Instagram,2024-03-22,2024-04-11,Female 25-34,East,8396.39,204564,4293,248,407886.98
1267,Herbal Range Awareness,Google Ads,2024-10-02,2024-10-13,Male 18-24,Unspecified,48249.69,1628855,34961,1874,3352282.57
1718,Influencer Collab - Skincare,Google Ads,2024-08-18,2024-09-03,Male 35-44,Central,66767.58,1619853,22689,1003,1145004.24
1151,Monsoon Skincare Push,Instagram,2024-03-02,2024-03-07,Female 35-44,Central,15135.01,231319,4601,157,172695.78
1746,Clearance Sale Push,Instagram,2024-09-08,2024-09-13,Male 35-44,Central,10010.92,272158,8757,378,430321.13
1439,New Year Wellness,Facebook,2024-07-29,2024-08-12,Male 18-24,Unspecified,27981.35,1112590,29345,1918,3236096.91
1382,Summer Glow Launch,Email,2024-10-26,2024-11-07,Male 45+,West,3063.82,109489,1834,61,30430.59
1357,Hair Care Revamp,YouTube,2024-08-10,2024-08-28,Male 25-34,South,79513.95,3003913,72147,4993,3680117.61
1019,Back To College Offer,Facebook,2024-07-29,2024-08-28,Male 35-44,Unspecified,44018.82,1552488,20188,1314,665854.6
1780,Back To College Offer,Google Ads,2024-02-20,2024-03-18,Female 35-44,South,45409.06,1149581,19537,970,760162.39
1800,Herbal Range Awareness,Instagram,2024-07-04,2024-07-12,Female 25-34,South,58681.23,2006896,29199,544,645073.28
1048,Monsoon Skincare Push,Email,2024-06-17,2024-07-13,Female 25-34,East,3660.07,83876,2227,140,110861.2
1040,Ayurvedic Range Launch,Email,2024-11-27,2024-12-06,Male 18-24,Central,6786.42,113911,1136,35,50259.6
1215,Monsoon Skincare Push,YouTube,2024-06-05,2024-06-16,Female 25-34,West,70607.29,2340521,26569,1950,3089999.9
1173,Festive Gift Bundle,YouTube,2024-08-26,2024-09-08,Male 45+,Unspecified,77780.91,2263903,21583,1268,621597.44
1172,Herbal Range Awareness,Facebook,2024-04-15,2024-04-25,Female 18-24,Central,18839.7,321186,9736,307,284382.59
1141,Festive Gift Bundle,YouTube,2024-03-08,2024-03-20,Female 35-44,North,68354.61,2441082,67969,3897,4129709.95
1463,Monsoon Skincare Push,Google Ads,2024-03-27,2024-04-02,Female 45+,South,34890.87,936711,31241,569,624409.79
1246,Men'S Grooming Drive,YouTube,2024-07-30,2024-08-12,Male 35-44,South,50849.16,566606,16693,1157,981868.53
1076,Baby Care Trust Campaign,Facebook,2024-08-28,2024-09-08,Male 25-34,West,35845.5,1048856,19107,1220,1803501.42
1804,Back To College Offer,Email,2024-05-17,2024-05-29,Male 25-34,West,6992.98,126686,2230,123,131810.74
1221,Men'S Grooming Drive,Facebook,2024-07-17,2024-08-06,Male 35-44,South,44788.29,716505,17522,301,528026.25
1162,Monsoon Skincare Push,Email,2024-07-14,2024-08-13,Female 18-24,South,3513.78,100539,1964,145,156378.18
1681,New Year Wellness,YouTube,2024-05-13,2024-06-09,Female 45+,Central,75256.96,1624717,26169,1910,3263305.96
1200,Herbal Range Awareness,Email,2024-07-05,2024-08-01,Male 45+,West,1798.16,61106,712,24,37279.96
1676,Clearance Sale Push,Email,2024-05-21,2024-06-09,Male 18-24,East,3271.59,106253,2554,162,94423.09
1143,New Year Wellness,YouTube,2024-06-21,2024-07-13,Male 25-34,West,24794.57,900304,25792,1872,2724262.32
1805,Baby Care Trust Campaign,Google Ads,2024-04-28,2024-05-10,Female 18-24,North,47625.9,222825,3752,291,218539.88
1352,Herbal Range Awareness,Google Ads,2024-11-16,2024-12-01,Female 18-24,South,16814.5,397302,6245,216,282700.37
1799,Back To College Offer,Google Ads,2024-05-12,2024-05-29,Female 35-44,North,29646.77,1074500,37005,2895,2540329.48
1407,New Year Wellness,Google Ads,2024-11-07,2024-11-27,Female 18-24,North,73101.15,2325907,40458,2940,4027166.51
1237,Summer Glow Launch,Email,2024-09-09,2024-10-02,Male 35-44,North,4435.64,175695,5706,169,113573.84
1578,Herbal Range Awareness,Email,2024-08-17,2024-09-16,Male 18-24,North,2608.34,93106,3221,240,169240.49
1809,Monsoon Skincare Push,YouTube,2024-07-25,2024-07-30,Male 25-34,East,57536.69,2135774,26134,778,1185734.03
1627,New Year Wellness,Google Ads,2024-10-28,2024-11-15,Male 45+,South,51666.15,1474368,28408,1393,1180259.01
1294,Back To College Offer,Instagram,2024-07-24,2024-08-16,Male 45+,Central,20405.92,430407,4205,184,82024.79
1632,Ayurvedic Range Launch,Email,2024-11-02,2024-11-25,Female 25-34,Central,3861.43,60125,1400,30,37709.04
1073,Monsoon Skincare Push,Instagram,2024-06-19,2024-06-26,Female 35-44,West,42507.83,1611840,23060,1289,1688713.72
1319,Men'S Grooming Drive,Email,2024-01-23,2024-01-29,Female 35-44,South,3549.35,71837,900,47,77108.92
1574,Summer Glow Launch,Google Ads,2024-06-28,2024-07-06,Male 18-24,East,45485.66,810989,5939,144,169492.4
1060,Summer Glow Launch,Email,2024-02-07,2024-02-14,Male 45+,West,5258.08,87505,1159,62,70997.24
1581,Baby Care Trust Campaign,YouTube,2024-11-18,2024-12-07,Female 45+,North,77610.35,1725454,33324,647,398554.35
1355,Clearance Sale Push,Facebook,2024-02-04,2024-02-27,Male 25-34,Central,26911.81,544788,15727,874,688430.72
1377,Monsoon Skincare Push,Email,2024-09-10,2024-10-01,Female 35-44,West,5530.58,94568,1801,27,40830.47
1713,Wedding Season Special,Google Ads,2024-02-03,2024-02-12,Male 35-44,North,66101.99,2278662,70435,751,277493.35
1219,Influencer Collab - Skincare,YouTube,2024-11-30,2024-12-29,Male 45+,Central,42436.4,873454,24600,1508,1164098.76
1004,Clearance Sale Push,Facebook,2024-01-29,2024-02-10,Male 35-44,East,41422.02,1036756,7242,535,627239.92
1426,Men'S Grooming Drive,Facebook,2024-10-05,2024-10-18,Female 35-44,East,39883.35,879273,13539,1080,1859146.3
1123,Festive Gift Bundle,YouTube,2024-02-09,2024-02-23,Female 45+,South,57296.86,1671200,50943,2923,3314142.78
1291,Clearance Sale Push,Google Ads,2024-10-03,2024-10-22,Male 35-44,South,19105.18,511414,12920,225,96302.21
1271,New Year Wellness,Facebook,2024-04-15,2024-05-10,Female 35-44,East,31565.35,1013286,11216,220,296641.74
1510,Clearance Sale Push,YouTube,2024-05-28,2024-06-14,Female 25-34,Central,57760.03,2099330,24544,1747,2306508.75
1484,Monsoon Skincare Push,Google Ads,2024-02-19,2024-03-16,Female 25-34,West,57807.31,1980570,17645,621,946746.24
1342,Festive Gift Bundle,YouTube,2024-04-26,2024-05-10,Female 35-44,North,30738.08,1215006,21559,1367,1458147.45
1638,Ayurvedic Range Launch,Email,2024-05-11,2024-06-05,Female 45+,South,1196.03,24269,341,17,12344.73
1251,Ayurvedic Range Launch,Instagram,2024-10-08,2024-10-29,Female 18-24,East,21172.26,655556,7186,518,829993.27
1014,Monsoon Skincare Push,Facebook,2024-08-02,2024-08-28,Female 25-34,Unspecified,30869.98,707207,9068,515,414866.8
1537,Back To College Offer,Facebook,2024-01-09,2024-01-28,Male 18-24,West,17737.29,477239,9986,345,179942.68
1131,Summer Glow Launch,Email,2024-02-25,2024-03-25,Female 25-34,Central,5603.21,133777,3265,42,74601.74
1115,New Year Wellness,Facebook,2024-10-01,2024-10-29,Female 25-34,North,8267.61,201971,4675,59,26876.7
1425,Men'S Grooming Drive,Email,2024-02-12,2024-02-26,Male 35-44,South,4589.54,142695,4077,305,150271.43
1343,Summer Glow Launch,Facebook,2024-01-23,2024-01-30,Male 25-34,North,35373.8,1197889,34105,2537,1643549.07
1110,Summer Glow Launch,Instagram,2024-08-17,2024-09-03,Female 45+,South,12173,476008,14868,287,458458.26
1031,Baby Care Trust Campaign,Google Ads,2024-10-23,2024-10-28,Female 25-34,North,50305.77,1896560,30836,2340,1491932.93
1607,Summer Glow Launch,YouTube,2024-02-12,2024-03-01,Female 35-44,South,19203.6,594100,4081,68,77446.63
1720,Anti-Ageing Serum Push,Google Ads,2024-04-21,2024-04-29,Female 35-44,South,37390.42,700976,10598,122,112085.82
1011,Anti-Ageing Serum Push,Instagram,2024-03-12,2024-03-30,Male 45+,North,22484.35,477683,15619,640,1023331.97
1009,Anti-Ageing Serum Push,Facebook,2024-04-25,2024-05-02,Male 18-24,West,6925.51,199787,4525,47,64689.36
1538,Anti-Ageing Serum Push,Email,2024-08-04,2024-08-15,Female 45+,East,2326.15,45164,599,31,34161.9
1576,Clearance Sale Push,YouTube,2024-07-14,2024-08-12,Female 35-44,Central,20883.37,353613,11692,300,324020.71
1623,Hair Care Revamp,Google Ads,2024-11-21,2024-11-27,Male 25-34,West,17817.83,593291,12422,468,282713.55
1473,Ayurvedic Range Launch,Google Ads,2024-09-14,2024-09-28,Male 45+,South,76683.14,2148267,57045,4259,2903394.16
1098,Influencer Collab - Skincare,YouTube,2024-01-27,2024-02-19,Male 18-24,North,27788.4,853816,20143,1387,782649.12
1399,Ayurvedic Range Launch,Email,2024-07-17,2024-07-29,Female 45+,East,3372.99,54458,1367,56,42122.86
1336,Sunscreen Season Campaign,Facebook,2024-02-15,2024-02-20,Female 45+,East,34107.46,744675,7630,323,379033.61
1509,Sunscreen Season Campaign,Instagram,2024-08-13,2024-08-29,Female 35-44,West,51931.45,2014998,32664,1886,2043700.76
1630,Men'S Grooming Drive,Instagram,2024-08-02,2024-08-26,Male 18-24,West,24608.98,592568,4840,348,606336.8
1036,Monsoon Skincare Push,Facebook,2024-05-21,2024-06-18,Male 45+,South,48970.71,1376856,18573,316,199544.67
1734,Back To College Offer,Facebook,2024-04-21,2024-05-12,Male 25-34,South,19635.67,400775,4179,139,149342.91
1738,Anti-Ageing Serum Push,Facebook,2024-03-30,2024-04-04,Female 45+,West,45485.96,1428952,48274,3444,4750507.33
1628,Hair Care Revamp,Email,2024-11-19,2024-12-09,Female 25-34,Unspecified,7894.63,134818,3699,174,137607.46
1760,Sunscreen Season Campaign,Google Ads,2024-05-16,2024-05-22,Male 18-24,East,53967.89,1470030,12116,491,394791.43
1618,Influencer Collab - Skincare,Facebook,2024-11-01,2024-11-18,Female 45+,East,9152.9,249029,6776,345,231652.45
1608,Back To College Offer,Instagram,2024-09-21,2024-09-26,Male 35-44,South,28965,1041086,26120,379,586054.88
1505,Influencer Collab - Skincare,Instagram,2024-03-07,2024-04-03,Male 35-44,South,13063.75,328973,8962,152,231171.75
1203,Wedding Season Special,YouTube,2024-05-20,2024-06-06,Male 18-24,West,87786.87,2310650,20798,808,1102936.74
1094,Influencer Collab - Skincare,Google Ads,2024-01-12,2024-01-19,Male 45+,West,45381.11,1777449,20359,706,298838.21
1739,New Year Wellness,Google Ads,2024-10-13,2024-11-09,Female 45+,North,65437.46,2152187,58702,1764,843550.44
1204,Ayurvedic Range Launch,Google Ads,2024-11-28,2024-12-08,Female 35-44,East,47974.4,1483461,39030,2468,2875975.96
1050,Back To College Offer,Instagram,2024-11-22,2024-12-05,Male 45+,West,21276.99,324153,9445,690,919449.69
1558,Herbal Range Awareness,Instagram,2024-05-09,2024-05-29,Male 18-24,South,43300.15,893603,24363,983,1097389.45
1127,Baby Care Trust Campaign,YouTube,2024-09-09,2024-09-18,Male 25-34,South,27540.56,603112,8439,546,477002.59
1478,Anti-Ageing Serum Push,Instagram,2024-01-04,2024-01-13,Male 45+,Central,21007.01,562304,9125,324,532552.45
1604,Herbal Range Awareness,Email,2024-03-26,2024-04-20,Male 18-24,Central,5979.43,215240,4695,208,310751.86
1466,Back To College Offer,Facebook,2024-04-16,2024-05-12,Female 25-34,Central,13949.22,418163,4348,212,320277.69
1097,Herbal Range Awareness,YouTube,2024-10-30,2024-11-14,Male 25-34,West,77121.7,2183199,57335,1776,2722316.4
1093,Hair Care Revamp,Facebook,2024-03-13,2024-03-21,Male 18-24,West,18769.33,461795,10834,296,474989.98
1105,Ayurvedic Range Launch,Facebook,2024-03-30,2024-04-23,Male 18-24,East,45469.88,1622126,33186,533,703784.39
1802,Monsoon Skincare Push,Facebook,2024-07-26,2024-08-17,Male 35-44,Unspecified,17628.42,524821,11459,751,352153.57
1228,Men'S Grooming Drive,Email,2024-05-11,2024-05-22,Female 45+,North,5964.04,207164,4627,84,30276.24
1405,Back To College Offer,Instagram,2024-05-19,2024-06-12,Male 45+,Unspecified,51653.36,1265705,19672,1067,1278779
1714,Ayurvedic Range Launch,Facebook,2024-03-12,2024-03-23,Female 18-24,East,46768.72,918508,24384,400,391122.23
1323,Back To College Offer,YouTube,2024-05-06,2024-05-18,Female 45+,Unspecified,47568.65,978019,32102,2447,4098588.81
1602,Festive Gift Bundle,Facebook,2024-06-18,2024-07-11,Female 45+,Central,30785.98,1277222,34635,1839,3068156.57
1264,New Year Wellness,YouTube,2024-10-19,2024-11-16,Male 45+,South,56111.43,1209984,20516,829,1129025.25
1721,Sunscreen Season Campaign,Facebook,2024-06-29,2024-07-07,Female 18-24,West,47929.81,1564937,36360,723,796894.88
1696,Summer Glow Launch,Google Ads,2024-02-06,2024-03-02,Male 18-24,West,18069.49,678607,13338,304,250708.47
1654,Monsoon Skincare Push,Facebook,2024-01-11,2024-01-28,Female 45+,West,18927.81,579044,9669,102,83380.64
1214,Back To College Offer,Email,2024-10-06,2024-10-20,Female 45+,Central,2008.53,64136,2079,136,191422.81
1222,Baby Care Trust Campaign,YouTube,2024-09-21,2024-10-04,Female 25-34,East,87950.56,1809361,31076,2088,1775419.86
1210,Sunscreen Season Campaign,YouTube,2024-05-03,2024-05-28,Male 45+,North,83895.55,1769833,10966,789,712459.33
1245,Hair Care Revamp,Facebook,2024-10-03,2024-10-16,Male 45+,East,25573.18,1003454,26018,582,708001.31
1658,New Year Wellness,Google Ads,2024-08-21,2024-08-26,Female 25-34,Central,36602.04,933364,31591,537,468569.58
1811,New Year Wellness,Google Ads,2024-07-13,2024-08-02,Female 25-34,Central,23738.81,501413,3196,107,110585.2
1039,Baby Care Trust Campaign,Email,2024-02-11,2024-02-21,Male 25-34,North,2216.69,37410,190,7,8477.18
1064,Baby Care Trust Campaign,YouTube,2024-06-22,2024-07-08,Male 25-34,East,28605.42,531525,13139,195,277759
1477,New Year Wellness,Google Ads,2024-08-25,2024-09-18,Female 18-24,West,14024.77,212437,3996,123,62162.71
1138,Monsoon Skincare Push,Email,2024-10-02,2024-10-16,Male 18-24,Unspecified,6465.18,188403,5308,237,258488.48
1340,Herbal Range Awareness,Facebook,2024-02-19,2024-03-12,Male 35-44,East,21471.69,399221,3636,107,158282.04
1283,Sunscreen Season Campaign,YouTube,2024-05-12,2024-06-02,Male 35-44,East,89626.83,2137271,19003,938,1035151.86
1183,Ayurvedic Range Launch,Instagram,2024-02-25,2024-03-16,Male 25-34,Central,25486.75,558467,8239,242,314932.37
1532,Influencer Collab - Skincare,Google Ads,2024-06-01,2024-06-28,Female 45+,East,44533.56,1381761,44650,3081,5267494.64
1513,Men'S Grooming Drive,Email,2024-04-04,2024-04-10,Male 25-34,West,7264.7,186799,6332,194,123767.67
1709,Festive Gift Bundle,YouTube,2024-02-13,2024-02-29,Male 35-44,West,28292.66,865777,21922,1626,830738.25
1248,Influencer Collab - Skincare,YouTube,2024-04-03,2024-04-12,Female 25-34,Central,23276.73,614123,11412,673,715664.31
1657,Summer Glow Launch,Facebook,2024-02-17,2024-02-27,Female 25-34,South,46184.46,1529304,13230,832,436400.28
1112,New Year Wellness,Instagram,2024-05-05,2024-06-02,Female 18-24,West,28917.8,603181,6947,489,211171.64
1232,Summer Glow Launch,Email,2024-11-10,2024-11-20,Male 18-24,Central,1252.43,26277,131,2,3590.77
1518,Monsoon Skincare Push,Instagram,2024-11-20,2024-12-09,Female 25-34,West,38224.15,604548,8280,326,219455.08
1544,Wedding Season Special,Instagram,2024-06-18,2024-07-05,Male 35-44,West,29699.3,1183475,16899,217,239592.46
1590,Anti-Ageing Serum Push,Email,2024-02-01,2024-02-23,Female 45+,East,2831.24,64949,1087,44,40835.75
1526,Back To College Offer,Facebook,2024-03-05,2024-03-18,Female 25-34,North,27189.29,1055780,16318,793,615974.86
1722,Herbal Range Awareness,Google Ads,2024-09-28,2024-10-12,Female 35-44,West,60732.97,2136470,66065,2369,4162627.99
1287,Men'S Grooming Drive,Instagram,2024-04-05,2024-04-29,Female 45+,West,52958.87,1789401,46807,1498,592999.65
1422,Baby Care Trust Campaign,Instagram,2024-03-05,2024-03-26,Male 25-34,South,54063.38,1093752,8139,349,457915.29
1316,Festive Gift Bundle,YouTube,2024-02-02,2024-02-10,Male 35-44,South,25592.76,649515,16815,819,807582.12
1759,Wedding Season Special,Google Ads,2024-10-17,2024-11-05,Male 25-34,South,33897.96,724336,5187,97,86913.45
1736,Monsoon Skincare Push,YouTube,2024-02-08,2024-02-21,Male 35-44,South,64021.95,1436444,8690,159,88350.77
1087,Monsoon Skincare Push,Email,2024-09-08,2024-09-19,Male 25-34,West,1950.1,32861,334,20,35920.61
1024,Ayurvedic Range Launch,Google Ads,2024-03-16,2024-03-21,Male 18-24,South,27138.98,729452,22242,335,318564.72
1197,Ayurvedic Range Launch,Instagram,2024-06-22,2024-07-13,Male 18-24,Central,43788.57,1333623,23985,1459,1530196.33
1301,Hair Care Revamp,Google Ads,2024-11-20,2024-12-12,Female 25-34,North,31874.98,520179,7962,513,528318.06
1650,Men'S Grooming Drive,Instagram,2024-06-15,2024-07-14,Female 25-34,East,29516.42,554740,5277,163,104318.65
1557,Wedding Season Special,Instagram,2024-07-15,2024-08-13,Female 35-44,South,55963.54,926093,11589,146,209861.23
1349,Ayurvedic Range Launch,Email,2024-04-01,2024-04-18,Female 18-24,North,5754.43,108289,2562,42,19359.9
1669,Men'S Grooming Drive,Instagram,2024-06-02,2024-06-07,Female 35-44,West,21069.12,608769,8734,651,806602.04
1235,Ayurvedic Range Launch,Instagram,2024-09-21,2024-10-13,Male 35-44,South,44442.56,959236,13063,495,710692.68
1413,Influencer Collab - Skincare,Instagram,2024-06-23,2024-06-29,Male 18-24,East,35023.1,732633,5265,273,269141.9
1192,Baby Care Trust Campaign,Google Ads,2024-05-24,2024-06-01,Female 25-34,North,44841.73,1355343,38408,2619,4612120.8
1795,Sunscreen Season Campaign,YouTube,2024-02-17,2024-03-04,Male 35-44,Central,44091.05,870026,29013,1763,2945680.17
1298,Clearance Sale Push,Facebook,2024-03-29,2024-04-18,Male 18-24,West,14281.98,351549,11507,791,453786.87
1383,Baby Care Trust Campaign,Email,2024-04-28,2024-05-25,Male 45+,North,4698.16,120038,1737,25,41116.8
1725,Herbal Range Awareness,Google Ads,2024-07-01,2024-07-25,Male 35-44,South,49331.45,1706478,57508,2526,2034804.16
1161,Anti-Ageing Serum Push,Facebook,2024-06-30,2024-07-11,Female 35-44,North,18099.2,473299,4476,237,294974.2
1659,Clearance Sale Push,Google Ads,2024-11-27,2024-12-12,Male 25-34,Unspecified,19851.51,421347,9243,175,100773.67
1647,Ayurvedic Range Launch,YouTube,2024-06-04,2024-06-20,Male 45+,East,37967.43,1259293,37623,1206,960729.13
1299,Festive Gift Bundle,Instagram,2024-08-21,2024-09-20,Female 45+,West,39430.33,1011096,10509,479,551076.35
1400,Ayurvedic Range Launch,Google Ads,2024-10-18,2024-11-08,Female 18-24,South,62539.1,1723950,9585,537,602082.35
1783,Sunscreen Season Campaign,Instagram,2024-01-21,2024-01-31,Female 25-34,East,25167.37,402012,9039,715,887191.2
1474,Ayurvedic Range Launch,Google Ads,2024-05-26,2024-06-17,Female 25-34,North,66584.28,1016566,34006,1951,3320680.15
1258,Back To College Offer,Instagram,2024-09-29,2024-10-16,Male 18-24,Central,18042.21,566920,12529,956,1108686.63
1745,Anti-Ageing Serum Push,Email,2024-07-10,2024-07-21,Female 45+,North,3999.67,118959,2302,122,50107.67
1107,Ayurvedic Range Launch,Google Ads,2024-09-01,2024-09-10,Female 35-44,Central,62341.44,1879187,32839,1590,1641994.13
1220,Ayurvedic Range Launch,YouTube,2024-08-16,2024-08-26,Female 35-44,Central,57476.79,1675179,52208,1056,1490445.25
1442,Men'S Grooming Drive,Google Ads,2024-11-27,2024-12-11,Female 45+,North,26030.7,867390,13255,323,138375.55
1693,Men'S Grooming Drive,Instagram,2024-09-17,2024-10-08,Female 45+,Central,34454.77,1103528,6998,175,177273.07
1378,Hair Care Revamp,Google Ads,2024-09-18,2024-10-06,Female 25-34,Central,16613.91,523693,11549,320,230255.13
1134,Wedding Season Special,Instagram,2024-08-24,2024-09-05,Female 45+,South,40747.54,801083,19802,746,1058733
1430,Summer Glow Launch,YouTube,2024-09-25,2024-10-02,Male 25-34,West,19308.99,539942,5482,384,363167.54
1688,Back To College Offer,YouTube,2024-06-25,2024-07-03,Male 18-24,Central,83446.1,2502795,55610,4026,5532661.94
1022,Anti-Ageing Serum Push,Facebook,2024-06-02,2024-06-23,Female 25-34,East,35343.29,818358,21208,1035,650154.02
1163,Wedding Season Special,Facebook,2024-03-22,2024-03-30,Male 18-24,West,34902.03,756088,22295,1654,712985.73
1305,Sunscreen Season Campaign,Email,2024-08-30,2024-09-12,Female 45+,Central,4713.09,121919,1665,109,98525.75
1418,Clearance Sale Push,Facebook,2024-11-11,2024-11-25,Male 35-44,East,20459.24,360516,11278,831,888421.66
1315,Back To College Offer,Instagram,2024-02-28,2024-03-19,Female 25-34,South,49557.11,1016630,29618,1179,1799985.78
1661,Summer Glow Launch,Instagram,2024-11-02,2024-11-30,Female 45+,Unspecified,16826.49,294512,4553,116,111224.3
1586,Festive Gift Bundle,Instagram,2024-01-20,2024-02-07,Male 35-44,Central,56483.14,1968716,28597,1970,2578019.07
1796,Festive Gift Bundle,Instagram,2024-01-16,2024-01-31,Male 35-44,Central,49218.6,1270333,37116,2386,2227488.76
1744,Wedding Season Special,Email,2024-10-04,2024-10-29,Male 18-24,South,7660.85,151494,831,25,16256.92
1303,Men'S Grooming Drive,Instagram,2024-10-29,2024-11-26,Female 35-44,East,42276.09,1024948,10517,681,471581.62
1634,Sunscreen Season Campaign,Facebook,2024-05-05,2024-05-24,Female 35-44,Central,48348.86,733552,4379,251,403417.47
1690,Influencer Collab - Skincare,YouTube,2024-03-13,2024-03-25,Male 35-44,Central,29125.51,731257,11517,854,1439528.65
1145,Anti-Ageing Serum Push,Google Ads,2024-10-30,2024-11-11,Female 35-44,North,57598.79,877354,22695,1525,2718807.54
1068,Summer Glow Launch,Instagram,2024-02-15,2024-03-04,Male 35-44,Central,20652.46,613827,12717,479,383151.2
1159,Hair Care Revamp,Google Ads,2024-10-11,2024-11-08,Male 45+,South,27489.68,729880,21251,420,154281.77
1249,Monsoon Skincare Push,Instagram,2024-01-08,2024-01-28,Female 35-44,West,25779.47,587499,17027,1359,1389363.43
1716,New Year Wellness,YouTube,2024-04-26,2024-05-06,Male 35-44,North,62647.27,1867371,43036,1956,1494060.03
1410,Hair Care Revamp,Google Ads,2024-10-28,2024-11-06,Female 25-34,Central,14553.45,312762,6911,179,198415.4
1066,Monsoon Skincare Push,Google Ads,2024-04-22,2024-05-09,Female 18-24,West,13834.74,278224,9281,591,861697.68
1193,Wedding Season Special,YouTube,2024-02-26,2024-03-20,Female 25-34,Unspecified,52057.8,2016518,57240,873,1221488.99
1388,Wedding Season Special,Instagram,2024-03-19,2024-04-13,Female 25-34,West,25399.59,468477,14268,581,553598.45
1199,Sunscreen Season Campaign,Email,2024-02-22,2024-03-10,Female 18-24,East,1250.82,35932,1069,69,120515.28
1764,Festive Gift Bundle,Email,2024-04-15,2024-05-11,Male 25-34,Unspecified,4056.55,149600,2284,26,28234.99
1255,Summer Glow Launch,Google Ads,2024-11-13,2024-11-25,Male 35-44,South,60470.25,1902226,40267,1494,1658192.34
1511,Monsoon Skincare Push,Email,2024-02-03,2024-02-18,Male 35-44,West,7975.07,216581,5645,244,110861.2
1486,Clearance Sale Push,Facebook,2024-07-06,2024-07-25,Male 35-44,West,37562.34,1418775,9975,392,666569.29
1561,Clearance Sale Push,Google Ads,2024-09-22,2024-10-16,Male 18-24,South,31856.75,970551,20748,1502,1794920.25
1182,Wedding Season Special,Instagram,2024-11-25,2024-12-08,Male 25-34,North,54565.11,1980148,37167,939,740035.65
1660,Herbal Range Awareness,Facebook,2024-04-02,2024-04-18,Female 35-44,West,40608.5,639563,7113,272,242383.82
1265,New Year Wellness,Email,2024-08-08,2024-08-23,Male 25-34,Central,7468.97,128764,3238,128,109445.94
1773,Ayurvedic Range Launch,YouTube,2024-05-09,2024-05-29,Male 45+,South,49976.18,1330871,41884,1777,1693321.14
1006,Monsoon Skincare Push,Email,2024-02-28,2024-03-25,Female 18-24,West,6256.14,214053,3254,99,113910
1711,Ayurvedic Range Launch,Facebook,2024-08-22,2024-09-17,Male 25-34,West,20648.43,325921,10156,760,277767.02
1570,Clearance Sale Push,Instagram,2024-05-27,2024-06-18,Female 45+,West,30039.42,990715,27809,784,1366074.73
1128,Sunscreen Season Campaign,YouTube,2024-06-17,2024-07-06,Female 45+,West,47296.22,1683195,41290,2130,1673394.38
1542,Monsoon Skincare Push,Facebook,2024-09-06,2024-09-19,Male 25-34,West,26185.03,934641,13116,437,481073.65
1259,Ayurvedic Range Launch,YouTube,2024-09-15,2024-09-30,Female 45+,North,26863.23,1073477,19634,680,548742.83
1402,Festive Gift Bundle,Google Ads,2024-04-02,2024-04-07,Male 35-44,South,14095.12,348832,5093,198,162382.93
1757,Ayurvedic Range Launch,YouTube,2024-06-09,2024-06-24,Male 18-24,East,57451.12,1362328,19332,1310,1441817.51
1049,Clearance Sale Push,Google Ads,2024-01-15,2024-01-21,Male 25-34,North,65730.04,1468027,23848,481,538811.95
1275,Wedding Season Special,Google Ads,2024-06-09,2024-06-26,Female 45+,North,75739.74,2219050,46788,2568,1376716.55
1063,Herbal Range Awareness,YouTube,2024-06-28,2024-07-20,Female 25-34,South,23616.4,518715,6112,244,283869.67
1067,Festive Gift Bundle,Email,2024-02-06,2024-02-23,Male 35-44,Central,1296.12,20049,654,46,54503.14
1129,Herbal Range Awareness,Facebook,2024-07-11,2024-07-24,Male 35-44,West,22060.68,844961,9289,741,452672.79
1190,Influencer Collab - Skincare,Email,2024-04-18,2024-05-16,Female 35-44,West,5127.85,98580,1577,87,35163.4
1539,Monsoon Skincare Push,Instagram,2024-05-21,2024-06-02,Female 25-34,East,44374.64,1114424,18707,475,733827.29
1769,Men'S Grooming Drive,Instagram,2024-04-01,2024-04-10,Male 35-44,North,56471.81,1193879,6282,438,640008.65
1640,Men'S Grooming Drive,Google Ads,2024-09-12,2024-10-01,Male 35-44,Central,73889.18,2782485,84029,5814,8636562.03
1018,Summer Glow Launch,Facebook,2024-07-05,2024-08-04,Male 25-34,South,45552.68,922528,11518,198,293271.37
1364,Baby Care Trust Campaign,Google Ads,2024-11-24,2024-12-19,Female 18-24,East,54110.94,1881734,17091,650,819669.24
1633,Hair Care Revamp,YouTube,2024-03-30,2024-04-19,Male 18-24,South,84103.93,1940118,26753,1942,1262611.77
1472,Festive Gift Bundle,Instagram,2024-09-01,2024-09-24,Female 45+,South,21471.17,690651,18230,1021,568566.01
1572,Sunscreen Season Campaign,Google Ads,2024-11-22,2024-12-14,Male 45+,West,38602.76,1138366,8408,612,703554.84
1629,Baby Care Trust Campaign,Facebook,2024-05-25,2024-06-16,Female 18-24,West,27593.3,575815,18791,361,444147.88
1617,Festive Gift Bundle,Instagram,2024-02-21,2024-03-12,Male 35-44,East,43712.89,1419335,45965,2610,4059732.69
1421,Sunscreen Season Campaign,Facebook,2024-02-03,2024-02-11,Female 45+,South,44839.82,819217,8756,413,560363.83
1247,Summer Glow Launch,Email,2024-04-06,2024-04-24,Male 35-44,Central,4059.74,86258,2281,125,193902.37
1213,Ayurvedic Range Launch,Email,2024-10-26,2024-11-01,Female 25-34,West,6937.76,166107,3336,101,135796.93
1417,Sunscreen Season Campaign,Facebook,2024-01-30,2024-02-11,Female 35-44,East,42044.09,1218700,8089,275,485633.67
1055,Ayurvedic Range Launch,Google Ads,2024-11-27,2024-12-04,Male 18-24,Central,67669.87,2553501,35916,1385,765457.19
1482,Baby Care Trust Campaign,Instagram,2024-07-24,2024-07-30,Female 35-44,Central,59500.74,2274562,40462,2150,1035991.2
1641,Ayurvedic Range Launch,Instagram,2024-01-29,2024-02-17,Female 25-34,North,35193.34,743188,21491,489,835057.22
1041,Men'S Grooming Drive,Google Ads,2024-06-14,2024-07-08,Female 45+,Unspecified,11810.54,244751,6174,433,1376716.55
1732,Wedding Season Special,Instagram,2024-11-17,2024-12-15,Female 18-24,South,22633.69,654262,13298,281,180486.18
1566,Baby Care Trust Campaign,Google Ads,2024-09-10,2024-10-07,Male 18-24,North,66939.74,2506291,77100,3164,2496213.84
1043,Summer Glow Launch,Email,2024-09-20,2024-09-25,Female 45+,East,7085.57,188117,1246,57,71410.69
1385,Influencer Collab - Skincare,Email,2024-09-04,2024-09-13,Female 25-34,South,2396.39,72236,579,22,39401.17
1801,Influencer Collab - Skincare,Google Ads,2024-10-09,2024-11-04,Male 25-34,Central,17030.5,427316,14068,447,725502.54
1175,Influencer Collab - Skincare,Facebook,2024-01-22,2024-02-09,Female 35-44,South,49484.32,1280893,44726,2410,3758290.82
1318,Clearance Sale Push,Facebook,2024-06-27,2024-07-15,Male 25-34,West,30539.26,604603,20918,1639,2044546.56
1375,Back To College Offer,Facebook,2024-02-17,2024-03-05,Female 45+,East,13832.48,541212,16758,272,431365.2
1774,Herbal Range Awareness,Instagram,2024-06-30,2024-07-21,Male 25-34,West,32809.62,1258230,39079,1702,1465591.4
1379,Influencer Collab - Skincare,Email,2024-06-09,2024-07-02,Male 25-34,North,4184.99,132900,3151,89,155905.17
1330,Baby Care Trust Campaign,Google Ads,2024-06-05,2024-06-15,Female 35-44,Central,25874.74,628692,8578,593,335098.72
1234,Monsoon Skincare Push,Google Ads,2024-07-12,2024-08-04,Male 45+,Central,63897.7,2168485,73375,3090,3145757.94
1524,Back To College Offer,Instagram,2024-07-30,2024-08-06,Female 18-24,West,57879.29,978612,25072,909,731470.62
1276,Hair Care Revamp,Instagram,2024-04-07,2024-04-21,Female 18-24,North,28698.07,648973,19357,818,787382.39
1153,Clearance Sale Push,Instagram,2024-07-15,2024-07-24,Male 35-44,Unspecified,56420.32,2055794,44376,3282,4673454.61
1423,Sunscreen Season Campaign,YouTube,2024-08-30,2024-09-12,Male 45+,East,45070.96,1714031,38599,484,323463.55
1242,Ayurvedic Range Launch,Google Ads,2024-08-25,2024-09-19,Male 25-34,West,70778.04,2195146,72125,2850,3527871.65
1126,Monsoon Skincare Push,Google Ads,2024-02-22,2024-02-27,Female 45+,West,34774,602515,13822,452,410684.93
1577,Influencer Collab - Skincare,Instagram,2024-04-09,2024-05-02,Male 25-34,Central,55375.62,1285662,37245,2920,1999591.23
1810,Influencer Collab - Skincare,YouTube,2024-06-16,2024-07-15,Female 18-24,Unspecified,72726.49,1854027,28253,1233,766542.79
1415,Influencer Collab - Skincare,Facebook,2024-06-22,2024-07-17,Female 25-34,West,40448.88,1065905,15824,371,185091.9
1820,Influencer Collab - Skincare,Facebook,2024-02-06,2024-02-24,Male 45+,North,33889.6,576256,16022,677,905786.37
1543,Men'S Grooming Drive,Email,2024-03-13,2024-03-29,Male 18-24,North,1216.33,35808,926,37,24018.4
1282,Wedding Season Special,Google Ads,2024-03-09,2024-03-17,Male 45+,West,70158.56,1629798,28379,700,457186.75
1529,Herbal Range Awareness,Email,2024-03-03,2024-03-08,Male 35-44,East,5818.05,191530,2185,108,88156.49
1742,Monsoon Skincare Push,Facebook,2024-10-21,2024-10-26,Female 25-34,Unspecified,47118.23,1489686,14809,383,528211.31
1371,Men'S Grooming Drive,Google Ads,2024-06-10,2024-07-08,Female 35-44,East,63457.28,1191830,36459,2042,3078150.14
1091,Hair Care Revamp,Google Ads,2024-10-15,2024-10-21,Male 35-44,Central,15685.6,607247,17082,487,319312.34
1350,Ayurvedic Range Launch,Facebook,2024-01-17,2024-02-04,Female 18-24,Central,22879.71,523121,8521,359,142755.17
1652,Festive Gift Bundle,YouTube,2024-09-19,2024-10-05,Female 18-24,West,57428.59,2290904,77418,5505,4537504.6
1354,Herbal Range Awareness,Instagram,2024-08-11,2024-08-22,Male 35-44,East,41043.1,1615156,11725,815,538239.16
1387,Back To College Offer,Google Ads,2024-08-22,2024-09-20,Male 45+,North,78226.18,2702034,62929,4410,2194895.18
1252,Festive Gift Bundle,Google Ads,2024-10-24,2024-11-23,Female 18-24,Unspecified,43268.95,1293971,20887,339,196166.68
1808,Monsoon Skincare Push,Email,2024-09-01,2024-09-18,Male 25-34,South,2123.21,43555,1400,15,10348.66
1678,Herbal Range Awareness,Email,2024-04-07,2024-04-30,Female 25-34,South,7361.81,239300,5220,328,370793.77
1003,Baby Care Trust Campaign,YouTube,2024-02-21,2024-03-09,Male 18-24,South,49005.77,1756992,17358,605,799661.17
1051,Ayurvedic Range Launch,YouTube,2024-09-04,2024-09-12,Female 45+,West,43602.32,1045321,14505,855,326449.62
1614,Herbal Range Awareness,Email,2024-01-12,2024-01-31,Female 35-44,East,4195.12,123332,2226,84,130992.94
1046,Clearance Sale Push,Instagram,2024-06-25,2024-07-10,Male 45+,West,47669.38,1164574,38414,2722,4823719.39
1479,Festive Gift Bundle,Email,2024-01-21,2024-01-30,Male 25-34,East,3947.39,91896,546,30,51754.35
1446,Festive Gift Bundle,Instagram,2024-09-08,2024-09-25,Male 35-44,Unspecified,56894.82,2233822,36175,1601,2048512.56
1520,Summer Glow Launch,Instagram,2024-10-19,2024-11-06,Female 35-44,Central,36898.46,914493,21479,806,342382.71
1042,Influencer Collab - Skincare,YouTube,2024-11-21,2024-12-11,Female 45+,West,50250.78,1266756,18534,321,187205.93
1481,Anti-Ageing Serum Push,YouTube,2024-09-18,2024-09-28,Female 35-44,North,36085.41,645044,8324,491,646243.96
1817,Monsoon Skincare Push,Facebook,2024-08-19,2024-08-29,Male 35-44,South,29445.3,859282,28879,1147,1417549.42
1322,Men'S Grooming Drive,YouTube,2024-04-22,2024-05-06,Male 35-44,West,26759.11,932933,31330,2299,2731846.75
1044,Festive Gift Bundle,Google Ads,2024-03-22,2024-04-05,Male 18-24,Unspecified,10957.21,276119,3241,223,114737.65
1637,Herbal Range Awareness,Facebook,2024-03-12,2024-03-21,Female 18-24,West,18690.94,383641,6186,218,168354.1
1514,Herbal Range Awareness,Facebook,2024-02-09,2024-03-08,Male 18-24,North,31453.53,585521,14592,987,1396424.43
1296,Sunscreen Season Campaign,Email,2024-03-16,2024-04-11,Female 18-24,South,4170.82,92957,2181,90,58338.85
1782,Influencer Collab - Skincare,Facebook,2024-02-21,2024-02-28,Female 25-34,East,41032.55,624197,13239,588,284507.81
1180,New Year Wellness,Facebook,2024-09-15,2024-10-02,Male 45+,East,46615.24,1493056,18302,809,806451.63
1155,Sunscreen Season Campaign,YouTube,2024-03-18,2024-03-23,Male 18-24,South,16793.27,479256,11539,675,245640.93
1079,Sunscreen Season Campaign,Facebook,2024-10-07,2024-11-04,Female 35-44,North,29221.95,519556,7088,220,92232.07
1787,Herbal Range Awareness,Email,2024-07-18,2024-07-28,Male 25-34,Unspecified,4244.53,166231,4739,333,333645.27
1535,Men'S Grooming Drive,Facebook,2024-11-27,2024-12-25,Male 18-24,East,36578.46,617393,12247,304,401955.94
1503,Back To College Offer,YouTube,2024-07-13,2024-07-23,Female 45+,West,75250.44,2345268,25427,447,206881.63
1295,Influencer Collab - Skincare,Email,2024-02-28,2024-03-22,Male 45+,South,4240.36,122449,3631,81,140618.51
1489,Back To College Offer,Instagram,2024-02-12,2024-03-10,Male 35-44,East,32762.45,398534,12733,390,693665.26
1553,Ayurvedic Range Launch,Email,2024-08-31,2024-09-20,Male 18-24,South,3026.14,52958,1200,42,31458.54
1591,Men'S Grooming Drive,Google Ads,2024-11-10,2024-12-04,Female 25-34,South,19045.07,542673,18184,208,187163.14
1685,Herbal Range Awareness,YouTube,2024-11-10,2024-11-17,Female 25-34,North,46028.36,875927,9493,746,1098048.29
1615,Summer Glow Launch,Email,2024-10-22,2024-11-08,Male 25-34,Central,1199.89,33363,1089,78,136468.15
1152,Influencer Collab - Skincare,Google Ads,2024-10-22,2024-11-16,Male 25-34,West,44730.33,1242141,8276,580,343347.25
1559,Summer Glow Launch,Instagram,2024-06-23,2024-07-03,Female 25-34,East,45958.81,1736080,42129,1884,2933358.27
1088,Hair Care Revamp,Google Ads,2024-03-03,2024-03-14,Male 18-24,South,26571.53,726745,11502,575,590949.62
1164,Wedding Season Special,Email,2024-10-29,2024-11-03,Male 35-44,South,5903.93,228416,5004,247,153865.89
1268,Men'S Grooming Drive,YouTube,2024-02-04,2024-02-21,Female 18-24,Central,35348.28,1283215,31827,2243,847099.39
1300,Baby Care Trust Campaign,YouTube,2024-01-18,2024-01-24,Male 35-44,Central,51245.11,1240872,27805,2149,1001630.64
1771,Men'S Grooming Drive,Facebook,2024-09-25,2024-10-14,Female 45+,West,47504.56,1132907,26244,1582,2272618.6
1297,Clearance Sale Push,Google Ads,2024-03-06,2024-03-20,Female 45+,Unspecified,35845.6,1029561,6788,402,619117.09
1662,Sunscreen Season Campaign,Email,2024-03-06,2024-03-21,Male 25-34,North,4779.9,186046,4661,78,83035.87
1517,Monsoon Skincare Push,YouTube,2024-10-04,2024-10-22,Female 35-44,East,36377.1,1145519,29105,1582,2164230.27
1814,Hair Care Revamp,Email,2024-07-29,2024-08-13,Male 18-24,North,1620.97,47935,1569,46,44587.95
1118,Anti-Ageing Serum Push,Google Ads,2024-11-24,2024-12-22,Male 45+,Central,42258.03,1408008,21916,433,494699.11
1689,Baby Care Trust Campaign,Email,2024-06-27,2024-07-23,Female 25-34,North,5130.74,98431,786,18,10352.09
1389,Hair Care Revamp,Google Ads,2024-03-18,2024-04-16,Male 18-24,West,39520.55,818255,23772,925,872736.12
1321,Wedding Season Special,Facebook,2024-04-20,2024-05-14,Female 35-44,West,13834.67,336696,6307,148,128753.45
1362,Men'S Grooming Drive,Instagram,2024-08-14,2024-08-31,Male 18-24,East,55309.03,1373012,47148,1314,631853.95
1154,Back To College Offer,Google Ads,2024-07-24,2024-07-31,Female 18-24,Central,70622.26,2425040,34728,557,563841.05
1737,Wedding Season Special,Facebook,2024-02-14,2024-03-13,Female 25-34,North,26030.76,967329,25003,728,278613.23
1027,Wedding Season Special,Google Ads,2024-02-02,2024-02-20,Male 18-24,South,33161.7,883696,6069,414,378702.93
1620,Anti-Ageing Serum Push,Instagram,2024-06-26,2024-07-22,Female 25-34,Central,13273.07,485285,14124,153,124325.87
1767,Baby Care Trust Campaign,YouTube,2024-02-16,2024-03-14,Male 18-24,North,21928.26,710098,4617,71,120800.44
1646,Men'S Grooming Drive,Facebook,2024-11-08,2024-11-19,Male 25-34,Central,35563.04,821297,8834,333,199492.67
1807,Sunscreen Season Campaign,Facebook,2024-02-01,2024-03-02,Female 35-44,East,38926.27,1094102,12161,215,164787.7
1059,Men'S Grooming Drive,Instagram,2024-08-17,2024-09-15,Male 45+,Central,34688.37,614898,12368,942,388932.3
1381,Monsoon Skincare Push,Email,2024-01-14,2024-01-25,Male 18-24,North,5540.36,173100,3128,168,251246.81
1664,Herbal Range Awareness,Google Ads,2024-11-19,2024-11-25,Female 45+,Central,47625.9,1206637,29006,1986,1379977.12
1552,New Year Wellness,YouTube,2024-06-02,2024-06-19,Female 25-34,Central,88702.22,3149529,95278,4599,7089107.23
1803,Sunscreen Season Campaign,Instagram,2024-01-03,2024-01-29,Female 45+,South,53503.78,1573935,42331,2917,3104698.95
1450,Clearance Sale Push,Facebook,2024-09-25,2024-10-13,Female 45+,West,18686.97,481633,4956,114,62105.09
1101,Monsoon Skincare Push,Google Ads,2024-05-28,2024-06-03,Female 35-44,West,76871.96,1304958,42698,2387,3422100.65
1493,Summer Glow Launch,Facebook,2024-02-13,2024-02-24,Male 35-44,North,27138.72,788957,14461,309,256793.42
1195,Wedding Season Special,YouTube,2024-08-21,2024-09-03,Female 45+,East,66742.68,1799124,31758,2287,1353513.28
1705,Ayurvedic Range Launch,YouTube,2024-07-16,2024-08-08,Male 18-24,Unspecified,27925.56,1105595,28103,1794,2295952.78
1085,Men'S Grooming Drive,YouTube,2024-07-05,2024-07-26,Female 45+,North,65955.8,2560386,23769,1248,1074726.4
